{
	 "rootnode": {
		 "name": "RootNode"
		,"transformation": [
			 1
			,0
			,0
			,0
			,0
			,1
			,0
			,0
			,0
			,0
			,1
			,0
			,0
			,0
			,0
			,1
		]
		,"children": [
			{
				 "name": "Barrel.1"
				,"transformation": [
					 1
					,0
					,0
					,0
					,0
					,-1.62921e-007
					,1
					,0
					,0
					,-1
					,-1.62921e-007
					,0
					,0
					,0
					,0
					,1
				]
				,"meshes": [
					 0
				]
			}
		]
	}
	,"flags": 8
	,"meshes": [
		{
			 "name": "Circle.001"
			,"materialindex": 0
			,"primitivetypes": 4
			,"vertices": [
				 0.707107
				,-0.707107
				,0
				,0.904956
				,-0.904956
				,0.553776
				,1.10523e-007
				,-1.2798
				,0.553776
				,8.74228e-008
				,-1
				,0
				,-0.707107
				,-0.707107
				,0
				,-0.904956
				,-0.904956
				,0.553776
				,-1.2798
				,-5.60281e-008
				,0.553776
				,-1
				,-4.37114e-008
				,0
				,-0.707107
				,0.707107
				,0
				,-0.904956
				,0.904956
				,0.553776
				,-1.36122e-009
				,1.2798
				,0.553776
				,0
				,1
				,0
				,0
				,1
				,0
				,-1.36122e-009
				,1.2798
				,0.553776
				,0.904956
				,0.904956
				,0.553776
				,0.707107
				,0.707107
				,0
				,1
				,1.19249e-008
				,0
				,1.2798
				,1.51752e-008
				,0.553776
				,-1.36122e-009
				,1.2798
				,2.2771
				,0.904956
				,0.904956
				,2.2771
				,1.2798
				,1.51752e-008
				,2.2771
				,0.904956
				,-0.904956
				,2.2771
				,1.10523e-007
				,-1.2798
				,2.2771
				,-0.904956
				,-0.904956
				,2.2771
				,-1.2798
				,-5.60281e-008
				,2.2771
				,-0.904956
				,0.904956
				,2.2771
				,-1.36122e-009
				,1.2798
				,2.2771
				,-0.671145
				,-0.671145
				,2.84375
				,-0.949142
				,-3.19072e-008
				,2.84375
				,-0.904956
				,0.904956
				,2.2771
				,-0.671145
				,0.671145
				,2.84375
				,2.30235e-009
				,0.949142
				,2.84375
				,0.671145
				,0.671145
				,2.84375
				,0.949142
				,2.08995e-008
				,2.84375
				,0.671145
				,-0.671145
				,2.84375
				,8.5279e-008
				,-0.949142
				,2.84375
				,-0.671145
				,0.671145
				,2.84375
				,-0.949142
				,-3.19072e-008
				,2.84375
				,-0.671145
				,0.671145
				,2.84375
				,8.5279e-008
				,-0.949142
				,2.84375
				,-0.671145
				,-0.671145
				,2.84375
				,0.949142
				,2.08995e-008
				,2.84375
				,0.671145
				,-0.671145
				,2.84375
				,2.30235e-009
				,0.949142
				,2.84375
				,0.671145
				,0.671145
				,2.84375
				,-0.671145
				,0.671145
				,2.84375
				,0.707107
				,0.707107
				,0
				,5.78311e-008
				,-9.50534e-009
				,0
				,1
				,1.19249e-008
				,0
				,0.707107
				,-0.707107
				,0
				,8.74228e-008
				,-1
				,0
				,-0.707107
				,-0.707107
				,0
				,-1
				,-4.37114e-008
				,0
				,-0.707107
				,0.707107
				,0
				,0
				,1
				,0
				,0.671145
				,0.671145
				,2.84375
				,5.58794e-008
				,-8.73446e-009
				,2.84375
				,0.949142
				,2.08995e-008
				,2.84375
				,0.671145
				,-0.671145
				,2.84375
				,8.5279e-008
				,-0.949142
				,2.84375
				,-0.671145
				,-0.671145
				,2.84375
				,-0.949142
				,-3.19072e-008
				,2.84375
				,-0.671145
				,0.671145
				,2.84375
				,2.30235e-009
				,0.949142
				,2.84375
			]
			,"normals": [
				 0.676992
				,-0.676992
				,0.288675
				,0.689779
				,-0.689779
				,-0.219977
				,0
				,-0.975494
				,-0.219977
				,0
				,-0.957396
				,0.288675
				,-0.676992
				,-0.676992
				,0.288675
				,-0.689779
				,-0.689779
				,-0.219977
				,-0.975494
				,0
				,-0.219977
				,-0.957396
				,0
				,0.288675
				,-0.676992
				,0.676992
				,0.288675
				,-0.689779
				,0.689779
				,-0.219977
				,0
				,0.975494
				,-0.219977
				,0
				,0.957396
				,0.288675
				,0
				,0.957396
				,0.288675
				,0
				,0.975494
				,-0.219977
				,0.689779
				,0.689779
				,-0.219977
				,0.676992
				,0.676992
				,0.288675
				,0.957396
				,0
				,0.288675
				,0.975494
				,0
				,-0.219977
				,0
				,0.969176
				,0.246284
				,0.685293
				,0.685293
				,0.246284
				,0.969176
				,0
				,0.246284
				,0.685293
				,-0.685293
				,0.246284
				,0
				,-0.969176
				,0.246284
				,-0.685293
				,-0.685293
				,0.246284
				,-0.969176
				,0
				,0.246284
				,-0.685293
				,0.685293
				,0.246284
				,0
				,0.969176
				,0.246284
				,-0.36198
				,-0.36198
				,0.859004
				,-0.511917
				,0
				,0.859004
				,-0.685293
				,0.685293
				,0.246284
				,-0.36198
				,0.36198
				,0.859004
				,0
				,0.511917
				,0.859004
				,0.36198
				,0.36198
				,0.859004
				,0.511917
				,0
				,0.859004
				,0.36198
				,-0.36198
				,0.859004
				,0
				,-0.511917
				,0.859004
				,-0.36198
				,0.36198
				,0.859004
				,0
				,0
				,1
				,0
				,0
				,1
				,0
				,0
				,1
				,0
				,0
				,1
				,0
				,0
				,1
				,0
				,0
				,1
				,0
				,0
				,1
				,0
				,0
				,1
				,0
				,0
				,1
				,0.676992
				,0.676992
				,0.288675
				,0
				,0
				,1
				,0.957396
				,0
				,0.288675
				,0.676992
				,-0.676992
				,0.288675
				,0
				,-0.957396
				,0.288675
				,-0.676992
				,-0.676992
				,0.288675
				,-0.957396
				,0
				,0.288675
				,-0.676992
				,0.676992
				,0.288675
				,0
				,0.957396
				,0.288675
				,0
				,0
				,1
				,0
				,0
				,1
				,0
				,0
				,1
				,0
				,0
				,1
				,0
				,0
				,1
				,0
				,0
				,1
				,0
				,0
				,1
				,0
				,0
				,1
				,0
				,0
				,1
			]
			,"tangents": [
				 0.714678
				,0.698413
				,-0.0381298
				,0.709825
				,0.704154
				,0.0177741
				,0.999834
				,0.00400991
				,-0.0177739
				,0.999207
				,0.011505
				,0.0381294
				,0.698413
				,-0.714678
				,-0.0381299
				,0.704154
				,-0.709825
				,0.017774
				,0.00400995
				,-0.999834
				,-0.0177741
				,0.011505
				,-0.999207
				,0.0381292
				,-0.714678
				,-0.698413
				,-0.03813
				,-0.709825
				,-0.704154
				,0.0177739
				,-0.999834
				,-0.00400996
				,-0.0177741
				,-0.999207
				,-0.011505
				,0.0381292
				,-0.999207
				,-0.011505
				,0.0381292
				,-0.999834
				,-0.00400996
				,-0.0177741
				,-0.709825
				,0.704154
				,-0.017774
				,-0.714678
				,0.698413
				,0.0381299
				,0.011505
				,0.999207
				,-0.0381292
				,0.00400996
				,0.999834
				,0.017774
				,-0.999792
				,0.00502737
				,-0.0197701
				,-0.710517
				,0.703402
				,0.0197694
				,0.00502725
				,0.999792
				,-0.0197697
				,0.703402
				,0.710517
				,0.0197694
				,0.999792
				,-0.00502726
				,-0.0197698
				,0.710517
				,-0.703402
				,0.0197693
				,-0.00502728
				,-0.999792
				,-0.0197698
				,-0.703402
				,-0.710517
				,0.0197693
				,-0.999792
				,0.00502737
				,-0.0197701
				,0.630641
				,-0.77373
				,-0.0602927
				,0.101179
				,-0.99304
				,0.0602927
				,-0.703402
				,-0.710517
				,0.0197693
				,-0.773729
				,-0.630641
				,-0.0602926
				,-0.99304
				,-0.101179
				,0.0602927
				,-0.773729
				,0.630641
				,0.0602925
				,0.101179
				,0.99304
				,-0.0602927
				,0.63064
				,0.77373
				,0.0602927
				,0.99304
				,-0.101179
				,-0.0602927
				,-0.773729
				,-0.630641
				,-0.0602926
				,"NaN"
				,"NaN"
				,"NaN"
				,"NaN"
				,"NaN"
				,"NaN"
				,"NaN"
				,"NaN"
				,"NaN"
				,"NaN"
				,"NaN"
				,"NaN"
				,"NaN"
				,"NaN"
				,"NaN"
				,"NaN"
				,"NaN"
				,"NaN"
				,"NaN"
				,"NaN"
				,"NaN"
				,"NaN"
				,"NaN"
				,"NaN"
				,"NaN"
				,"NaN"
				,"NaN"
				,0.696872
				,-0.463365
				,-0.547415
				,0.92388
				,0.382684
				,0
				,0.16517
				,0.820409
				,-0.5474
				,0.726349
				,0.677861
				,-0.113671
				,0.992927
				,0.034298
				,0.113669
				,0.696873
				,-0.463367
				,0.547412
				,0.165171
				,0.820408
				,0.547403
				,0.726349
				,0.677861
				,0.113671
				,0.992927
				,0.0342981
				,-0.113669
				,"NaN"
				,"NaN"
				,"NaN"
				,0.923879
				,0.382684
				,0
				,"NaN"
				,"NaN"
				,"NaN"
				,"NaN"
				,"NaN"
				,"NaN"
				,"NaN"
				,"NaN"
				,"NaN"
				,"NaN"
				,"NaN"
				,"NaN"
				,"NaN"
				,"NaN"
				,"NaN"
				,"NaN"
				,"NaN"
				,"NaN"
				,"NaN"
				,"NaN"
				,"NaN"
			]
			,