{
	 "rootnode": {
		 "name": "RootNode"
		,"transformation": [
			 1
			,0
			,0
			,0
			,0
			,1
			,0
			,0
			,0
			,0
			,1
			,0
			,0
			,0
			,0
			,1
		]
		,"children": [
			{
				 "name": "Block.Large.2"
				,"transformation": [
					 100
					,0
					,0
					,-206.388
					,0
					,-1.62921e-005
					,100
					,0
					,0
					,-100
					,-1.62921e-005
					,-216.824
					,0
					,0
					,0
					,1
				]
				,"meshes": [
					 0
				]
			}
		]
	}
	,"flags": 8
	,"meshes": [
		{
			 "name": "Cube.014"
			,"materialindex": 0
			,"primitivetypes": 4
			,"vertices": [
				 -0.978872
				,-0.193606
				,1.95745
				,-0.957449
				,-0.193606
				,1.97887
				,-0.946885
				,0.946885
				,2
				,-1
				,0.946885
				,1.94688
				,1
				,0.946885
				,0.0531151
				,1
				,0.946885
				,1.94688
				,1
				,-0.946885
				,1.94688
				,1
				,-0.946885
				,0.0531151
				,0.946885
				,-0.946885
				,2
				,-0.193606
				,-0.957449
				,1.97887
				,-0.193606
				,-0.978872
				,1.95745
				,0.946885
				,-1
				,1.94688
				,0.946885
				,-1
				,0.0531151
				,-0.957449
				,-0.978872
				,1.19361
				,-0.946885
				,-1
				,0.0531151
				,-0.946885
				,1
				,0.0531151
				,-0.946885
				,1
				,1.94688
				,0.946885
				,1
				,1.94688
				,0.946885
				,1
				,0.0531151
				,-0.946885
				,-0.946885
				,0
				,-0.946885
				,-1
				,0.0531151
				,-1
				,-0.946885
				,0.0531151
				,-0.946885
				,0.946885
				,0
				,-1
				,0.946885
				,0.0531151
				,-0.946885
				,1
				,0.0531151
				,-0.946885
				,0.946885
				,2
				,-1
				,0.946885
				,1.94688
				,0.946885
				,-0.946885
				,0
				,1
				,-0.946885
				,0.0531151
				,0.946885
				,-1
				,0.0531151
				,1
				,-0.946885
				,1.94688
				,0.946885
				,0.946885
				,0
				,0.946885
				,1
				,0.0531151
				,1
				,0.946885
				,0.0531151
				,0.946885
				,0.946885
				,2
				,1
				,0.946885
				,1.94688
				,-0.946885
				,0.946885
				,0
				,-0.946885
				,-0.946885
				,0
				,-1
				,-0.946885
				,0.0531151
				,-1
				,0.946885
				,0.0531151
				,-1
				,-0.946885
				,0.0531151
				,-0.978872
				,-0.957449
				,1.19361
				,0.946885
				,0.946885
				,2
				,-0.946885
				,0.946885
				,2
				,-0.957449
				,-0.193606
				,1.97887
				,-0.946885
				,1
				,1.94688
				,-0.946885
				,1
				,0.0531151
				,0.946885
				,1
				,0.0531151
				,0.946885
				,1
				,1.94688
				,0.946885
				,-0.946885
				,0
				,0.946885
				,0.946885
				,0
				,0.946885
				,0.946885
				,2
				,0.946885
				,-0.946885
				,2
				,0.946885
				,-1
				,1.94688
				,0.946885
				,-1
				,0.0531151
				,-0.946885
				,0.946885
				,0
				,0.946885
				,0.946885
				,0
				,-0.978872
				,-0.193606
				,1.95745
				,-0.957958
				,-0.233769
				,1.9382
				,-0.938201
				,-0.233769
				,1.95796
				,-0.946885
				,-1
				,0.0531151
				,-0.957449
				,-0.978872
				,1.19361
				,-0.938201
				,-0.957958
				,1.23377
				,-0.233769
				,-0.957958
				,1.9382
				,-0.233769
				,-0.938201
				,1.95796
				,-0.957958
				,-0.938201
				,1.23377
				,-0.978872
				,-0.957449
				,1.19361
			]
			,"normals": [
				 -0.869381
				,-0.230201
				,0.437178
				,-0.437178
				,-0.230232
				,0.869381
				,-0.342296
				,0.337718
				,0.876766
				,-0.876766
				,0.337718
				,0.342296
				,0.875576
				,0.341563
				,-0.341563
				,0.875576
				,0.341563
				,0.341563
				,0.875576
				,-0.341563
				,0.341563
				,0.875576
				,-0.341563
				,-0.341563
				,0.337718
				,-0.342296
				,0.876766
				,-0.230232
				,-0.437178
				,0.869381
				,-0.230232
				,-0.869381
				,0.437178
				,0.337718
				,-0.876766
				,0.342296
				,0.339549
				,-0.877132
				,-0.339549
				,-0.437178
				,-0.869381
				,0.230232
				,-0.342296
				,-0.876766
				,-0.337718
				,-0.341563
				,0.875576
				,-0.341563
				,-0.341563
				,0.875576
				,0.341563
				,0.341563
				,0.875576
				,0.341563
				,0.341563
				,0.875576
				,-0.341563
				,-0.341563
				,-0.341563
				,-0.875576
				,-0.342296
				,-0.876766
				,-0.337718
				,-0.876766
				,-0.342296
				,-0.337718
				,-0.341563
				,0.341563
				,-0.875576
				,-0.877132
				,0.339549
				,-0.339549
				,-0.341563
				,0.875576
				,-0.341563
				,-0.342296
				,0.337718
				,0.876766
				,-0.876766
				,0.337718
				,0.342296
				,0.341563
				,-0.341563
				,-0.875576
				,0.875576
				,-0.341563
				,-0.341563
				,0.339549
				,-0.877132
				,-0.339549
				,0.875576
				,-0.341563
				,0.341563
				,0.341563
				,0.341563
				,-0.875576
				,0.341563
				,0.875576
				,-0.341563
				,0.875576
				,0.341563
				,-0.341563
				,0.339549
				,0.339549
				,0.877132
				,0.875576
				,0.341563
				,0.341563
				,-0.341563
				,0.341563
				,-0.875576
				,-0.341563
				,-0.341563
				,-0.875576
				,-0.876766
				,-0.342296
				,-0.337718
				,-0.877132
				,0.339549
				,-0.339549
				,-0.876766
				,-0.342296
				,-0.337718
				,-0.869381
				,-0.437178
				,0.230201
				,0.339549
				,0.339549
				,0.877132
				,-0.342296
				,0.337718
				,0.876766
				,-0.437178
				,-0.230232
				,0.869381
				,-0.341563
				,0.875576
				,0.341563
				,-0.341563
				,0.875576
				,-0.341563
				,0.341563
				,0.875576
				,-0.341563
				,0.341563
				,0.875576
				,0.341563
				,0.341563
				,-0.341563
				,-0.875576
				,0.341563
				,0.341563
				,-0.875576
				,0.339549
				,0.339549
				,0.877132
				,0.337718
				,-0.342296
				,0.876766
				,0.337718
				,-0.876766
				,0.342296
				,0.339549
				,-0.877132
				,-0.339549
				,-0.341563
				,0.341563
				,-0.875576
				,0.341563
				,0.341563
				,-0.875576
				,-0.869381
				,-0.230201
				,0.437178
				,-0.577349
				,-0.577349
				,0.577349
				,-0.577349
				,-0.577349
				,0.577349
				,-0.342296
				,-0.876766
				,-0.337718
				,-0.437178
				,-0.869381
				,0.230232
				,-0.577349
				,-0.577349
				,0.577349
				,-0.577349
				,-0.577349
				,0.577349
				,-0.577349
				,-0.577349
				,0.577349
				,-0.577349
				,-0.577349
				,0.577349
				,-0.869381
				,-0.437178
				,0.230201
			]
			,