{
	 "rootnode": {
		 "name": "RootNode"
		,"transformation": [
			 1
			,0
			,0
			,0
			,0
			,1
			,0
			,0
			,0
			,0
			,1
			,0
			,0
			,0
			,0
			,1
		]
		,"children": [
			{
				 "name": "Block.Large.1"
				,"transformation": [
					 100
					,0
					,0
					,137.222
					,0
					,-1.62921e-005
					,100
					,1.49012e-006
					,0
					,-100
					,-1.62921e-005
					,-182.26
					,0
					,0
					,0
					,1
				]
				,"meshes": [
					 0
				]
			}
		]
	}
	,"flags": 8
	,"meshes": [
		{
			 "name": "Cube.011"
			,"materialindex": 0
			,"primitivetypes": 4
			,"vertices": [
				 0.946885
				,-1
				,0.0531151
				,0.946885
				,-1
				,1.94688
				,-0.946885
				,-1
				,1.94688
				,-0.946885
				,-1
				,0.0531151
				,1
				,0.946885
				,0.0531151
				,1
				,0.946885
				,1.94688
				,1
				,-0.946885
				,1.94688
				,1
				,-0.946885
				,0.0531151
				,0.946885
				,0.946885
				,2
				,-0.946885
				,0.946885
				,2
				,-0.946885
				,-0.946885
				,2
				,0.946885
				,-0.946885
				,2
				,-1
				,-0.946885
				,0.0531151
				,-1
				,-0.946885
				,1.94688
				,-1
				,0.946885
				,1.94688
				,-1
				,0.946885
				,0.0531151
				,-0.946885
				,1
				,0.0531151
				,-0.946885
				,1
				,1.94688
				,0.946885
				,1
				,1.94688
				,0.946885
				,1
				,0.0531151
				,-0.946885
				,-0.946885
				,0
				,-0.946885
				,-1
				,0.0531151
				,-1
				,-0.946885
				,0.0531151
				,-0.946885
				,-1
				,1.94688
				,-0.946885
				,-0.946885
				,2
				,-1
				,-0.946885
				,1.94688
				,-0.946885
				,0.946885
				,0
				,-1
				,0.946885
				,0.0531151
				,-0.946885
				,1
				,0.0531151
				,-0.946885
				,0.946885
				,2
				,-0.946885
				,1
				,1.94688
				,-1
				,0.946885
				,1.94688
				,0.946885
				,-0.946885
				,0
				,1
				,-0.946885
				,0.0531151
				,0.946885
				,-1
				,0.0531151
				,0.946885
				,-0.946885
				,2
				,0.946885
				,-1
				,1.94688
				,1
				,-0.946885
				,1.94688
				,0.946885
				,0.946885
				,0
				,0.946885
				,1
				,0.0531151
				,1
				,0.946885
				,0.0531151
				,0.946885
				,0.946885
				,2
				,1
				,0.946885
				,1.94688
				,0.946885
				,1
				,1.94688
				,-0.946885
				,0.946885
				,0
				,-0.946885
				,-0.946885
				,0
				,-1
				,0.946885
				,1.94688
				,-1
				,-0.946885
				,1.94688
				,-0.946885
				,1
				,1.94688
				,-0.946885
				,1
				,0.0531151
				,0.946885
				,0.946885
				,0
				,-0.946885
				,0.946885
				,0
				,-0.946885
				,1
				,0.0531151
				,0.946885
				,1
				,0.0531151
				,0.946885
				,1
				,1.94688
				,-0.946885
				,1
				,1.94688
				,0.946885
				,-0.946885
				,0
				,0.946885
				,0.946885
				,0
				,0.946885
				,0.946885
				,2
				,0.946885
				,-0.946885
				,2
				,-0.946885
				,-0.946885
				,0
				,0.946885
				,-0.946885
				,0
			]
			,"normals": [
				 0.341563
				,-0.875576
				,-0.341563
				,0.341563
				,-0.875576
				,0.341563
				,-0.341563
				,-0.875576
				,0.341563
				,-0.341563
				,-0.875576
				,-0.341563
				,0.875576
				,0.341563
				,-0.341563
				,0.875576
				,0.341563
				,0.341563
				,0.875576
				,-0.341563
				,0.341563
				,0.875576
				,-0.341563
				,-0.341563
				,0.341563
				,0.341563
				,0.875576
				,-0.341563
				,0.341563
				,0.875576
				,-0.341563
				,-0.341563
				,0.875576
				,0.341563
				,-0.341563
				,0.875576
				,-0.875576
				,-0.341563
				,-0.341563
				,-0.875576
				,-0.341563
				,0.341563
				,-0.875576
				,0.341563
				,0.341563
				,-0.875576
				,0.341563
				,-0.341563
				,-0.341563
				,0.875576
				,-0.341563
				,-0.341563
				,0.875576
				,0.341563
				,0.341563
				,0.875576
				,0.341563
				,0.341563
				,0.875576
				,-0.341563
				,-0.341563
				,-0.341563
				,-0.875576
				,-0.341563
				,-0.875576
				,-0.341563
				,-0.875576
				,-0.341563
				,-0.341563
				,-0.341563
				,-0.875576
				,0.341563
				,-0.341563
				,-0.341563
				,0.875576
				,-0.875576
				,-0.341563
				,0.341563
				,-0.341563
				,0.341563
				,-0.875576
				,-0.875576
				,0.341563
				,-0.341563
				,-0.341563
				,0.875576
				,-0.341563
				,-0.341563
				,0.341563
				,0.875576
				,-0.341563
				,0.875576
				,0.341563
				,-0.875576
				,0.341563
				,0.341563
				,0.341563
				,-0.341563
				,-0.875576
				,0.875576
				,-0.341563
				,-0.341563
				,0.341563
				,-0.875576
				,-0.341563
				,0.341563
				,-0.341563
				,0.875576
				,0.341563
				,-0.875576
				,0.341563
				,0.875576
				,-0.341563
				,0.341563
				,0.341563
				,0.341563
				,-0.875576
				,0.341563
				,0.875576
				,-0.341563
				,0.875576
				,0.341563
				,-0.341563
				,0.341563
				,0.341563
				,0.875576
				,0.875576
				,0.341563
				,0.341563
				,0.341563
				,0.875576
				,0.341563
				,-0.341563
				,0.341563
				,-0.875576
				,-0.341563
				,-0.341563
				,-0.875576
				,-0.875576
				,0.341563
				,0.341563
				,-0.875576
				,-0.341563
				,0.341563
				,-0.341563
				,0.875576
				,0.341563
				,-0.341563
				,0.875576
				,-0.341563
				,0.341563
				,0.341563
				,-0.875576
				,-0.341563
				,0.341563
				,-0.875576
				,-0.341563
				,0.875576
				,-0.341563
				,0.341563
				,0.875576
				,-0.341563
				,0.341563
				,0.875576
				,0.341563
				,-0.341563
				,0.875576
				,0.341563
				,0.341563
				,-0.341563
				,-0.875576
				,0.341563
				,0.341563
				,-0.875576
				,0.341563
				,0.341563
				,0.875576
				,0.341563
				,-0.341563
				,0.875576
				,-0.341563
				,-0.341563
				,-0.875576
				,0.341563
				,-0.341563
				,-0.875576
			]
			,