{
	 "rootnode": {
		 "name": "RootNode"
		,"transformation": [
			 1
			,0
			,0
			,0
			,0
			,1
			,0
			,0
			,0
			,0
			,1
			,0
			,0
			,0
			,0
			,1
		]
		,"children": [
			{
				 "name": "Block.Small.2"
				,"transformation": [
					 100
					,0
					,0
					,-464.457
					,0
					,-1.62921e-005
					,100
					,0
					,0
					,-100
					,-1.62921e-005
					,-216.824
					,0
					,0
					,0
					,1
				]
				,"meshes": [
					 0
				]
			}
		]
	}
	,"flags": 8
	,"meshes": [
		{
			 "name": "Cube.015"
			,"materialindex": 0
			,"primitivetypes": 4
			,"vertices": [
				 -0.478348
				,-0.179032
				,0.981625
				,-0.471048
				,-0.179032
				,0.988925
				,-0.473442
				,0.473442
				,1
				,-0.5
				,0.473442
				,0.973442
				,0.5
				,0.473442
				,0.0265576
				,0.5
				,0.473442
				,0.973442
				,0.5
				,-0.473442
				,0.973442
				,0.5
				,-0.473442
				,0.0265576
				,0.473442
				,-0.473442
				,1
				,-0.210764
				,-0.439315
				,0.988925
				,-0.210764
				,-0.446616
				,0.981625
				,0.473442
				,-0.5
				,0.973442
				,0.473442
				,-0.5
				,0.0265576
				,0.473442
				,-0.5
				,0.973442
				,-0.210764
				,-0.446616
				,0.981625
				,-0.471048
				,-0.446616
				,0.721342
				,-0.473442
				,-0.5
				,0.0265576
				,-0.473442
				,0.5
				,0.0265576
				,-0.473442
				,0.5
				,0.973442
				,0.473442
				,0.5
				,0.973442
				,0.473442
				,0.5
				,0.0265576
				,-0.473442
				,-0.473442
				,0
				,-0.5
				,-0.473442
				,0.0265576
				,-0.473442
				,0.473442
				,0
				,-0.5
				,0.473442
				,0.0265576
				,-0.473442
				,0.5
				,0.0265576
				,-0.473442
				,0.473442
				,1
				,-0.5
				,0.473442
				,0.973442
				,0.473442
				,-0.473442
				,0
				,0.5
				,-0.473442
				,0.0265576
				,0.473442
				,-0.473442
				,1
				,0.473442
				,-0.5
				,0.973442
				,0.473442
				,0.473442
				,0
				,0.473442
				,0.5
				,0.0265576
				,0.5
				,0.473442
				,0.0265576
				,0.473442
				,0.473442
				,1
				,0.5
				,0.473442
				,0.973442
				,-0.473442
				,0.473442
				,0
				,-0.473442
				,-0.473442
				,0
				,-0.5
				,-0.473442
				,0.0265576
				,-0.5
				,0.473442
				,0.0265576
				,-0.478348
				,-0.439315
				,0.721342
				,-0.478348
				,-0.179032
				,0.981625
				,-0.5
				,0.473442
				,0.973442
				,-0.471048
				,-0.179032
				,0.988925
				,-0.210764
				,-0.439315
				,0.988925
				,0.473442
				,-0.473442
				,1
				,-0.473442
				,0.5
				,0.973442
				,-0.473442
				,0.5
				,0.0265576
				,-0.5
				,0.473442
				,0.0265576
				,0.473442
				,0.5
				,0.0265576
				,0.473442
				,0.5
				,0.973442
				,0.473442
				,-0.473442
				,0
				,0.473442
				,0.473442
				,0
				,0.473442
				,0.473442
				,1
				,0.473442
				,-0.5
				,0.0265576
				,-0.473442
				,0.473442
				,0
				,0.473442
				,0.473442
				,0
				,-0.471221
				,-0.192718
				,0.975066
				,-0.464489
				,-0.192718
				,0.981798
				,-0.473442
				,-0.5
				,0.0265576
				,-0.471048
				,-0.446616
				,0.721342
				,-0.478348
				,-0.439315
				,0.721342
				,-0.5
				,-0.473442
				,0.0265576
				,-0.464489
				,-0.439489
				,0.735027
				,-0.22445
				,-0.439489
				,0.975066
				,-0.22445
				,-0.432757
				,0.981798
				,-0.471221
				,-0.432757
				,0.735027
			]
			,"normals": [
				 -0.866726
				,-0.234687
				,0.440046
				,-0.435286
				,-0.232185
				,0.869808
				,-0.344035
				,0.335826
				,0.876827
				,-0.877743
				,0.333872
				,0.343547
				,0.875576
				,0.341563
				,-0.341563
				,0.875576
				,0.341563
				,0.341563
				,0.875576
				,-0.341563
				,0.341563
				,0.875576
				,-0.341563
				,-0.341563
				,0.327555
				,-0.350536
				,0.877377
				,-0.240486
				,-0.429212
				,0.870571
				,-0.250587
				,-0.858455
				,0.447432
				,0.320322
				,-0.880642
				,0.348979
				,0.332682
				,-0.882382
				,-0.332682
				,0.320322
				,-0.880642
				,0.348979
				,-0.250587
				,-0.858455
				,0.447432
				,-0.445418
				,-0.85873
				,0.253273
				,-0.351085
				,-0.880734
				,-0.31785
				,-0.341563
				,0.875576
				,-0.341563
				,-0.341563
				,0.875576
				,0.341563
				,0.341563
				,0.875576
				,0.341563
				,0.341563
				,0.875576
				,-0.341563
				,-0.341563
				,-0.341563
				,-0.875576
				,-0.878353
				,-0.352153
				,-0.32316
				,-0.341563
				,0.341563
				,-0.875576
				,-0.878414
				,0.33787
				,-0.33787
				,-0.341563
				,0.875576
				,-0.341563
				,-0.344035
				,0.335826
				,0.876827
				,-0.877743
				,0.333872
				,0.343547
				,0.341563
				,-0.341563
				,-0.875576
				,0.875576
				,-0.341563
				,-0.341563
				,0.327555
				,-0.350536
				,0.877377
				,0.320322
				,-0.880642
				,0.348979
				,0.341563
				,0.341563
				,-0.875576
				,0.341563
				,0.875576
				,-0.341563
				,0.875576
				,0.341563
				,-0.341563
				,0.339671
				,0.339671
				,0.877041
				,0.875576
				,0.341563
				,0.341563
				,-0.341563
				,0.341563
				,-0.875576
				,-0.341563
				,-0.341563
				,-0.875576
				,-0.878353
				,-0.352153
				,-0.32316
				,-0.878414
				,0.33787
				,-0.33787
				,-0.867763
				,-0.431959
				,0.245705
				,-0.866726
				,-0.234687
				,0.440046
				,-0.877743
				,0.333872
				,0.343547
				,-0.435286
				,-0.232185
				,0.869808
				,-0.240486
				,-0.429212
				,0.870571
				,0.327555
				,-0.350536
				,0.877377
				,-0.341563
				,0.875576
				,0.341563
				,-0.341563
				,0.875576
				,-0.341563
				,-0.878414
				,0.33787
				,-0.33787
				,0.341563
				,0.875576
				,-0.341563
				,0.341563
				,0.875576
				,0.341563
				,0.341563
				,-0.341563
				,-0.875576
				,0.341563
				,0.341563
				,-0.875576
				,0.339671
				,0.339671
				,0.877041
				,0.332682
				,-0.882382
				,-0.332682
				,-0.341563
				,0.341563
				,-0.875576
				,0.341563
				,0.341563
				,-0.875576
				,-0.577349
				,-0.577319
				,0.577349
				,-0.577319
				,-0.577349
				,0.577349
				,-0.351085
				,-0.880734
				,-0.31785
				,-0.445418
				,-0.85873
				,0.253273
				,-0.867763
				,-0.431959
				,0.245705
				,-0.878353
				,-0.352153
				,-0.32316
				,-0.577349
				,-0.577349
				,0.577349
				,-0.577349
				,-0.577349
				,0.577349
				,-0.577319
				,-0.577349
				,0.577349
				,-0.577349
				,-0.577319
				,0.577349
			]
			,