{
	 "rootnode": {
		 "name": "RootNode"
		,"transformation": [
			 1
			,0
			,0
			,0
			,0
			,1
			,0
			,0
			,0
			,0
			,1
			,0
			,0
			,0
			,0
			,1
		]
		,"children": [
			{
				 "name": "Cage.1"
				,"transformation": [
					 1
					,0
					,0
					,7.96113
					,0
					,-1.62921e-007
					,1
					,0
					,0
					,-1
					,-1.62921e-007
					,-5.45461
					,0
					,0
					,0
					,1
				]
				,"meshes": [
					 0
				]
			}
		]
	}
	,"flags": 8
	,"meshes": [
		{
			 "name": "Cube"
			,"materialindex": 0
			,"primitivetypes": 4
			,"vertices": [
				 1
				,1
				,0
				,1
				,1
				,2
				,1
				,-1
				,2
				,1
				,-1
				,0
				,1
				,-1
				,0
				,1
				,-1
				,2
				,-1
				,-1
				,2
				,-1
				,-1
				,0
				,-1
				,-1
				,0
				,-1
				,-1
				,2
				,-1
				,1
				,2
				,-1
				,1
				,0
				,-1
				,1
				,0
				,-1
				,1
				,2
				,1
				,1
				,2
				,1
				,1
				,0
				,-1
				,-1
				,2
				,1
				,-1
				,2
				,1
				,1
				,2
				,-1
				,1
				,2
				,1
				,-1
				,0
				,-1
				,-1
				,0
				,-1
				,1
				,0
				,1
				,1
				,0
			]
			,"normals": [
				 1
				,0
				,-8.9407e-008
				,1
				,0
				,-8.9407e-008
				,1
				,0
				,-8.9407e-008
				,1
				,0
				,-8.9407e-008
				,2.98023e-008
				,-1
				,-2.98023e-008
				,2.98023e-008
				,-1
				,-2.98023e-008
				,2.98023e-008
				,-1
				,-2.98023e-008
				,2.98023e-008
				,-1
				,-2.98023e-008
				,-1
				,0
				,0
				,-1
				,0
				,0
				,-1
				,0
				,0
				,-1
				,0
				,0
				,0
				,1
				,-4.47035e-008
				,0
				,1
				,-4.47035e-008
				,0
				,1
				,-4.47035e-008
				,0
				,1
				,-4.47035e-008
				,0
				,0
				,1
				,0
				,0
				,1
				,0
				,0
				,1
				,0
				,0
				,1
				,0
				,0
				,-1
				,0
				,0
				,-1
				,0
				,0
				,-1
				,0
				,0
				,-1
			]
			,"tangents": [
				 0
				,-1
				,0
				,0
				,-1
				,0
				,0
				,-1
				,0
				,0
				,-1
				,0
				,-1
				,-2.98023e-008
				,-1.19788e-007
				,-1
				,-2.98023e-008
				,-1.19788e-007
				,-1
				,-2.98023e-008
				,-1.19788e-007
				,-1
				,-2.98023e-008
				,-1.19788e-007
				,0
				,1
				,0
				,0
				,1
				,0
				,0
				,1
				,0
				,0
				,1
				,0
				,1
				,-5.35495e-015
				,-1.19788e-007
				,1
				,-5.35495e-015
				,-1.19788e-007
				,1
				,-5.35495e-015
				,-1.19788e-007
				,1
				,-5.35495e-015
				,-1.19788e-007
				,0
				,1
				,0
				,0
				,1
				,0
				,0
				,1
				,0
				,0
				,1
				,0
				,0
				,1
				,0
				,0
				,1
				,0
				,0
				,1
				,0
				,0
				,1
				,0
			]
			,"bitangents": [
				 8.9407e-008
				,0
				,1
				,8.9407e-008
				,2.98023e-008
				,1
				,8.9407e-008
				,0
				,1
				,8.9407e-008
				,0
				,1
				,8.88179e-016
				,-2.98023e-008
				,1
				,-3.03812e-008
				,-2.98023e-008
				,1
				,8.88179e-016
				,-2.98023e-008
				,1
				,8.88179e-016
				,-2.98023e-008
				,1
				,0
				,0
				,1
				,0
				,0
				,1
				,0
				,0
				,1
				,0
				,0
				,1
				,1.19788e-007
				,4.47035e-008
				,1
				,1.19788e-007
				,4.47035e-008
				,1
				,1.19788e-007
				,4.47035e-008
				,1
				,1.19788e-007
				,4.47035e-008
				,1
				,1
				,0
				,0
				,1
				,2.98023e-008
				,0
				,1
				,0
				,0
				,1
				,0
				,0
				,-1
				,0
				,0
				,-1
				,-2.98023e-008
				,0
				,-1
				,0
				,0
				,-1
				,0
				,0
			]
			,"numuvcomponents": [
				 2
			]
			,"texturecoords": [
				[
					 0.504417
					,0.995122
					,0.504417
					,0.501956
					,0.997583
					,0.501956
					,0.997583
					,0.995122
					,0.504669
					,0.495331
					,0.504669
					,-0.00225247
					,1.00225
					,-0.00225252
					,1.00225
					,0.495331
					,0.504417
					,0.995122
					,0.504417
					,0.501956
					,0.997583
					,0.501956
					,0.997583
					,0.995122
					,0.504669
					,0.495331
					,0.504669
					,-0.00225247
					,1.00225
					,-0.00225252
					,1.00225
					,0.495331
					,0.504417
					,0.995122
					,0.504417
					,0.501956
					,0.997583
					,0.501956
					,0.997583
					,0.995122
					,0.504417
					,0.995122
					,0.504417
					,0.501956
					,0.997583
					,0.501956
					,0.997583
					,0.995122
				]
			]
			,"faces": [
				[
					 0
					,1
					,2
				]
				,[
					 0
					,2
					,3
				]
				,[
					 4
					,5
					,6
				]
				,[
					 4
					,6
					,7
				]
				,[
					 8
					,9
					,10
				]
				,[
					 8
					,10
					,11
				]
				,[
					 12
					,13
					,14
				]
				,[
					 12
					,14
					,15
				]
				,[
					 16
					,17
					,18
				]
				,[
					 16
					,18
					,19
				]
				,[
					 20
					,21
					,22
				]
				,[
					 20
					,22
					,23
				]
			]
		}
	]
	,"materials": [
		{
			 "properties": [
				{
					 "key": "$clr.diffuse"
					,"semantic": 0
					,"index": 0
					,"type": 1
					,"value": [
						 0.8
						,0.8
						,0.8
					]
				}
				,{
					 "key": "?mat.name"
					,"semantic": 0
					,"index": 0
					,"type": 3
					,"value": "DefaultMaterial"
				}
			]
		}
	]
}

