{
	 "rootnode": {
		 "name": "RootNode"
		,"transformation": [
			 1
			,0
			,0
			,0
			,0
			,1
			,0
			,0
			,0
			,0
			,1
			,0
			,0
			,0
			,0
			,1
		]
		,"children": [
			{
				 "name": "Ceiling.2"
				,"transformation": [
					 100
					,0
					,0
					,761.317
					,0
					,-1.62921e-005
					,100
					,1.19209e-005
					,0
					,-100
					,-1.62921e-005
					,93.0701
					,0
					,0
					,0
					,1
				]
				,"meshes": [
					 0
				]
			}
		]
	}
	,"flags": 8
	,"meshes": [
		{
			 "name": "Cube.001"
			,"materialindex": 0
			,"primitivetypes": 4
			,"vertices": [
				 -1.97971
				,1.83356
				,-5.37156e-008
				,-1.97971
				,1.83356
				,0.135679
				,-1.97971
				,1.96002
				,0.135679
				,-1.97971
				,1.96002
				,-5.37156e-008
				,1.83306
				,1.96002
				,-5.37156e-008
				,1.83306
				,1.96002
				,0.135679
				,1.97971
				,1.96002
				,0.135679
				,1.97971
				,1.96002
				,-5.37156e-008
				,1.97971
				,-1.83356
				,-5.37156e-008
				,1.97971
				,-1.83356
				,0.135679
				,1.97971
				,-1.96002
				,0.135679
				,1.97971
				,-1.96002
				,-5.37156e-008
				,-1.83306
				,-1.96002
				,-5.37156e-008
				,-1.83306
				,-1.96002
				,0.135679
				,-1.97971
				,-1.96002
				,0.135679
				,-1.97971
				,-1.96002
				,-5.37156e-008
				,1.83306
				,-1.83356
				,-5.37156e-008
				,1.97971
				,-1.83356
				,-5.37156e-008
				,1.97971
				,-1.96002
				,-5.37156e-008
				,1.83306
				,-1.96002
				,-5.37156e-008
				,-1.83306
				,-1.83356
				,0.135679
				,-1.97971
				,-1.83356
				,0.135679
				,-1.97971
				,-1.96002
				,0.135679
				,-1.83306
				,-1.96002
				,0.135679
				,-1.83306
				,1.96002
				,0.135679
				,-1.97971
				,1.96002
				,0.135679
				,-1.97971
				,1.83356
				,0.135679
				,-1.83306
				,1.83356
				,0.135679
				,1.97971
				,-1.83356
				,0.135679
				,1.83306
				,-1.83356
				,0.135679
				,1.83306
				,-1.96002
				,0.135679
				,1.97971
				,-1.96002
				,0.135679
				,1.83306
				,1.96002
				,0.135679
				,1.83306
				,1.83356
				,0.135679
				,1.83306
				,1.96002
				,-5.37156e-008
				,1.97971
				,1.96002
				,-5.37156e-008
				,1.97971
				,1.83356
				,-5.37156e-008
				,1.83306
				,1.83356
				,-5.37156e-008
				,1.97971
				,1.96002
				,0.135679
				,1.97971
				,1.83356
				,0.135679
				,1.97971
				,1.96002
				,-5.37156e-008
				,1.97971
				,1.96002
				,0.135679
				,1.97971
				,1.83356
				,0.135679
				,1.97971
				,1.83356
				,-5.37156e-008
				,-1.83306
				,1.96002
				,-5.37156e-008
				,-1.83306
				,1.83356
				,-5.37156e-008
				,-1.97971
				,-1.96002
				,-5.37156e-008
				,-1.97971
				,-1.96002
				,0.135679
				,-1.97971
				,-1.83356
				,0.135679
				,-1.97971
				,-1.83356
				,-5.37156e-008
				,-1.97971
				,1.96002
				,-5.37156e-008
				,-1.97971
				,1.83356
				,-5.37156e-008
				,-1.83306
				,-1.83356
				,-5.37156e-008
				,-1.97971
				,-1.83356
				,-5.37156e-008
				,-1.83306
				,-1.96002
				,-5.37156e-008
				,-1.97971
				,-1.96002
				,-5.37156e-008
				,1.97971
				,-1.96002
				,-5.37156e-008
				,1.97971
				,-1.96002
				,0.135679
				,1.83306
				,-1.96002
				,0.135679
				,1.83306
				,-1.96002
				,-5.37156e-008
				,-1.97971
				,1.96002
				,-5.37156e-008
				,-1.97971
				,1.96002
				,0.135679
				,-1.83306
				,1.96002
				,0.135679
				,-1.83306
				,1.96002
				,-5.37156e-008
			]
			,"normals": [
				 -0.707083
				,0
				,-0.707083
				,-0.707083
				,0
				,0.707083
				,-0.577349
				,0.577349
				,0.577349
				,-0.577349
				,0.577349
				,-0.577349
				,0
				,0.707083
				,-0.707083
				,0
				,0.707083
				,0.707083
				,0.577349
				,0.577349
				,0.577349
				,0.577349
				,0.577349
				,-0.577349
				,0.707083
				,0
				,-0.707083
				,0.707083
				,0
				,0.707083
				,0.577349
				,-0.577349
				,0.577349
				,0.577349
				,-0.577349
				,-0.577349
				,0
				,-0.707083
				,-0.707083
				,0
				,-0.707083
				,0.707083
				,-0.577349
				,-0.577349
				,0.577349
				,-0.577349
				,-0.577349
				,-0.577349
				,0
				,0
				,-1
				,0.707083
				,0
				,-0.707083
				,0.577349
				,-0.577349
				,-0.577349
				,0
				,-0.707083
				,-0.707083
				,0
				,0
				,1
				,-0.707083
				,0
				,0.707083
				,-0.577349
				,-0.577349
				,0.577349
				,0
				,-0.707083
				,0.707083
				,0
				,0.707083
				,0.707083
				,-0.577349
				,0.577349
				,0.577349
				,-0.707083
				,0
				,0.707083
				,0
				,0
				,1
				,0.707083
				,0
				,0.707083
				,0
				,0
				,1
				,0
				,-0.707083
				,0.707083
				,0.577349
				,-0.577349
				,0.577349
				,0
				,0.707083
				,0.707083
				,0
				,0
				,1
				,0
				,0.707083
				,-0.707083
				,0.577349
				,0.577349
				,-0.577349
				,0.707083
				,0
				,-0.707083
				,0
				,0
				,-1
				,0.577349
				,0.577349
				,0.577349
				,0.707083
				,0
				,0.707083
				,0.577349
				,0.577349
				,-0.577349
				,0.577349
				,0.577349
				,0.577349
				,0.707083
				,0
				,0.707083
				,0.707083
				,0
				,-0.707083
				,0
				,0.707083
				,-0.707083
				,0
				,0
				,-1
				,-0.577349
				,-0.577349
				,-0.577349
				,-0.577349
				,-0.577349
				,0.577349
				,-0.707083
				,0
				,0.707083
				,-0.707083
				,0
				,-0.707083
				,-0.577349
				,0.577349
				,-0.577349
				,-0.707083
				,0
				,-0.707083
				,0
				,0
				,-1
				,-0.707083
				,0
				,-0.707083
				,0
				,-0.707083
				,-0.707083
				,-0.577349
				,-0.577349
				,-0.577349
				,0.577349
				,-0.577349
				,-0.577349
				,0.577349
				,-0.577349
				,0.577349
				,0
				,-0.707083
				,0.707083
				,0
				,-0.707083
				,-0.707083
				,-0.577349
				,0.577349
				,-0.577349
				,-0.577349
				,0.577349
				,0.577349
				,0
				,0.707083
				,0.707083
				,0
				,0.707083
				,-0.707083
			]
			,