{
	 "rootnode": {
		 "name": "RootNode"
		,"transformation": [
			 1
			,0
			,0
			,0
			,0
			,1
			,0
			,0
			,0
			,0
			,1
			,0
			,0
			,0
			,0
			,1
		]
		,"children": [
			{
				 "name": "Ceiling.2"
				,"transformation": [
					 100
					,0
					,0
					,761.317
					,0
					,-1.62921e-05
					,100
					,1.19209e-05
					,0
					,-100
					,-1.62921e-05
					,93.0701
					,0
					,0
					,0
					,1
				]
				,"meshes": [
					 0
				]
			}
		]
	}
	,"flags": 8
	,"meshes": [
		{
			 "name": "Cube.001"
			,"materialindex": 0
			,"primitivetypes": 4
			,"vertices": [
				 -1.97971
				,-1.96002
				,-5.37156e-08
				,-1.97971
				,-1.96002
				,0.135679
				,-1.97971
				,1.96002
				,0.135679
				,-1.97971
				,1.96002
				,-5.37156e-08
				,-1.97971
				,1.96002
				,-5.37156e-08
				,-1.97971
				,1.96002
				,0.135679
				,1.97971
				,1.96002
				,0.135679
				,1.97971
				,1.96002
				,-5.37156e-08
				,1.97971
				,1.96002
				,-5.37156e-08
				,1.97971
				,1.96002
				,0.135679
				,1.97971
				,-1.96002
				,0.135679
				,1.97971
				,-1.96002
				,-5.37156e-08
				,1.97971
				,-1.96002
				,-5.37156e-08
				,1.97971
				,-1.96002
				,0.135679
				,-1.97971
				,-1.96002
				,0.135679
				,-1.97971
				,-1.96002
				,-5.37156e-08
				,-1.97971
				,1.96002
				,-5.37156e-08
				,1.97971
				,1.96002
				,-5.37156e-08
				,1.97971
				,-1.96002
				,-5.37156e-08
				,-1.97971
				,-1.96002
				,-5.37156e-08
				,1.97971
				,1.96002
				,0.135679
				,-1.97971
				,1.96002
				,0.135679
				,-1.97971
				,-1.96002
				,0.135679
				,1.97971
				,-1.96002
				,0.135679
			]
			,"normals": [
				 -0.577349
				,-0.577349
				,-0.577349
				,-0.577349
				,-0.577349
				,0.577349
				,-0.577349
				,0.577349
				,0.577349
				,-0.577349
				,0.577349
				,-0.577349
				,-0.577349
				,0.577349
				,-0.577349
				,-0.577349
				,0.577349
				,0.577349
				,0.577349
				,0.577349
				,0.577349
				,0.577349
				,0.577349
				,-0.577349
				,0.577349
				,0.577349
				,-0.577349
				,0.577349
				,0.577349
				,0.577349
				,0.577349
				,-0.577349
				,0.577349
				,0.577349
				,-0.577349
				,-0.577349
				,0.577349
				,-0.577349
				,-0.577349
				,0.577349
				,-0.577349
				,0.577349
				,-0.577349
				,-0.577349
				,0.577349
				,-0.577349
				,-0.577349
				,-0.577349
				,-0.577349
				,0.577349
				,-0.577349
				,0.577349
				,0.577349
				,-0.577349
				,0.577349
				,-0.577349
				,-0.577349
				,-0.577349
				,-0.577349
				,-0.577349
				,0.577349
				,0.577349
				,0.577349
				,-0.577349
				,0.577349
				,0.577349
				,-0.577349
				,-0.577349
				,0.577349
				,0.577349
				,-0.577349
				,0.577349
			]
			,"tangents": [
				 0.408247
				,0.408247
				,-0.816498
				,-0.408247
				,-0.408247
				,-0.816498
				,-0.408247
				,0.408247
				,-0.816498
				,0.408247
				,-0.408247
				,-0.816498
				,0.408247
				,-0.408247
				,-0.816498
				,-0.408247
				,0.408247
				,-0.816498
				,0.408247
				,0.408247
				,-0.816498
				,-0.408247
				,-0.408247
				,-0.816498
				,0.408247
				,0.408247
				,0.816498
				,-0.408247
				,-0.408247
				,0.816498
				,-0.408247
				,0.408247
				,0.816498
				,0.408247
				,-0.408247
				,0.816498
				,-0.408247
				,0.408247
				,-0.816498
				,0.408247
				,-0.408247
				,-0.816498
				,-0.408247
				,-0.408247
				,-0.816498
				,0.408247
				,0.408247
				,-0.816498
				,-0.408247
				,-0.816498
				,-0.408247
				,0.408247
				,-0.816498
				,-0.408247
				,-0.408247
				,-0.816498
				,0.408247
				,0.408247
				,-0.816498
				,0.408247
				,-0.408247
				,0.816498
				,-0.408247
				,0.408247
				,0.816498
				,-0.408247
				,-0.408247
				,0.816498
				,0.408247
				,0.408247
				,0.816498
				,0.408247
			]
			,"bitangents": [
				 -0.408247
				,0.816498
				,-0.408247
				,-0.408247
				,0.816498
				,0.408247
				,0.408247
				,0.816498
				,-0.408247
				,0.408247
				,0.816498
				,0.408247
				,0.816498
				,0.408247
				,-0.408247
				,0.816498
				,0.408247
				,0.408247
				,0.816498
				,-0.408247
				,-0.408247
				,0.816498
				,-0.408247
				,0.408247
				,-0.408247
				,0.816498
				,0.408247
				,-0.408247
				,0.816498
				,-0.408247
				,0.408247
				,0.816498
				,0.408247
				,0.408247
				,0.816498
				,-0.408247
				,-0.816498
				,-0.408247
				,-0.408247
				,-0.816498
				,-0.408247
				,0.408247
				,-0.816498
				,0.408247
				,-0.408247
				,-0.816498
				,0.408247
				,0.408247
				,0.816498
				,0.408247
				,-0.408247
				,0.816498
				,-0.408247
				,0.408247
				,0.816498
				,0.408247
				,0.408247
				,0.816498
				,-0.408247
				,-0.408247
				,0.816498
				,-0.408247
				,-0.408247
				,0.816498
				,0.408247
				,0.408247
				,0.816498
				,-0.408247
				,0.408247
				,0.816498
				,0.408247
				,-0.408247
			]
			,"numuvcomponents": [
				 2
			]
			,"texturecoords": [
				[
					 0.0519179
					,0.995027
					,0.034612
					,0.995027
					,0.0346119
					,0.5
					,0.0519178
					,0.5
					,0.017306
					,1
					,6.08205e-08
					,1
					,0
					,0.5
					,0.0173059
					,0.5
					,0.0519179
					,0.5
					,0.0692237
					,0.5
					,0.0692238
					,0.995027
					,0.0519179
					,0.995027
					,0.0346119
					,1
					,0.017306
					,1
					,0.017306
					,0.5
					,0.0346119
					,0.5
					,0.5
					,0.5
					,0.5
					,9.03234e-08
					,1
					,0
					,1
					,0.5
					,0.5
					,0
					,0.5
					,0.5
					,9.12308e-08
					,0.5
					,0
					,9.03234e-08
				]
			]
			,"faces": [
				[
					 0
					,1
					,2
				]
				,[
					 0
					,2
					,3
				]
				,[
					 4
					,5
					,6
				]
				,[
					 4
					,6
					,7
				]
				,[
					 8
					,9
					,10
				]
				,[
					 8
					,10
					,11
				]
				,[
					 12
					,13
					,14
				]
				,[
					 12
					,14
					,15
				]
				,[
					 16
					,17
					,18
				]
				,[
					 16
					,18
					,19
				]
				,[
					 20
					,21
					,22
				]
				,[
					 20
					,22
					,23
				]
			]
		}
	]
	,"materials": [
		{
			 "properties": [
				{
					 "key": "?mat.name"
					,"semantic": 0
					,"index": 0
					,"type": 3
					,"value": "Mat1"
				}
				,{
					 "key": "$clr.diffuse"
					,"semantic": 0
					,"index": 0
					,"type": 1
					,"value": [
						 0.64
						,0.64
						,0.64
					]
				}
				,{
					 "key": "$clr.emissive"
					,"semantic": 0
					,"index": 0
					,"type": 1
					,"value": [
						 0
						,0
						,0
					]
				}
				,{
					 "key": "$clr.ambient"
					,"semantic": 0
					,"index": 0
					,"type": 1
					,"value": [
						 0
						,0
						,0
					]
				}
				,{
					 "key": "$clr.specular"
					,"semantic": 0
					,"index": 0
					,"type": 1
					,"value": [
						 0.25
						,0.25
						,0.25
					]
				}
				,{
					 "key": "$mat.shinpercent"
					,"semantic": 0
					,"index": 0
					,"type": 1
					,"value": 9.60784
				}
				,{
					 "key": "$mat.shininess"
					,"semantic": 0
					,"index": 0
					,"type": 1
					,"value": 9.60784
				}
				,{
					 "key": "$tex.file"
					,"semantic": 1
					,"index": 0
					,"type": 3
					,"value": "/Users/johnpallag/Pictures/Textures/pbr/dungeon-stone1-Unreal-Engine/dungeon-stone1-albedo2.png"
				}
				,{
					 "key": "$tex.uvtrafo"
					,"semantic": 1
					,"index": 0
					,"type": 1
					,"value": [
						 0
						,0
						,1
						,1
						,0
					]
				}
				,{
					 "key": "$tex.uvwsrc"
					,"semantic": 1
					,"index": 0
					,"type": 4
					,"value": 0
				}
				,{
					 "key": "$tex.file"
					,"semantic": 2
					,"index": 0
					,"type": 3
					,"value": "/Users/johnpallag/Pictures/Textures/pbr/dungeon-stone1-Unreal-Engine/dungeon-stone1-roughness.png"
				}
				,{
					 "key": "$tex.uvtrafo"
					,"semantic": 2
					,"index": 0
					,"type": 1
					,"value": [
						 0
						,0
						,1
						,1
						,0
					]
				}
				,{
					 "key": "$tex.uvwsrc"
					,"semantic": 2
					,"index": 0
					,"type": 4
					,"value": 0
				}
				,{
					 "key": "$tex.file"
					,"semantic": 6
					,