{
	 "rootnode": {
		 "name": "RootNode"
		,"transformation": [
			 1
			,0
			,0
			,0
			,0
			,1
			,0
			,0
			,0
			,0
			,1
			,0
			,0
			,0
			,0
			,1
		]
		,"children": [
			{
				 "name": "Ground"
				,"transformation": [
					 1
					,0
					,0
					,0
					,0
					,-1.62921e-007
					,1
					,0
					,0
					,-1
					,-1.62921e-007
					,0
					,0
					,0
					,0
					,1
				]
				,"meshes": [
					 0
				]
			}
		]
	}
	,"flags": 8
	,"meshes": [
		{
			 "name": "Plane.007"
			,"materialindex": 0
			,"primitivetypes": 4
			,"vertices": [
				 -79.2356
				,-79.2356
				,0
				,79.2356
				,-79.2356
				,0
				,79.2356
				,79.2356
				,0
				,-79.2356
				,79.2356
				,0
			]
			,"normals": [
				 0
				,0
				,1
				,0
				,0
				,1
				,0
				,0
				,1
				,0
				,0
				,1
			]
			,"tangents": [
				 1
				,0
				,0
				,1
				,0
				,0
				,1
				,0
				,0
				,1
				,0
				,0
			]
			,"bitangents": [
				 0
				,-1
				,0
				,0
				,-1
				,0
				,0
				,-1
				,0
				,0
				,-1
				,0
			]
			,"numuvcomponents": [
				 2
			]
			,"texturecoords": [
				[
					 -17.0253
					,-17.0253
					,18.0253
					,-17.0253
					,18.0253
					,18.0253
					,-17.0253
					,18.0253
				]
			]
			,"faces": [
				[
					 0
					,1
					,2
				]
				,[
					 0
					,2
					,3
				]
			]
		}
	]
	,"materials": [
		{
			 "properties": [
				{
					 "key": "$clr.diffuse"
					,"semantic": 0
					,"index": 0
					,"type": 1
					,"value": [
						 0.8
						,0.8
						,0.8
					]
				}
				,{
					 "key": "?mat.name"
					,"semantic": 0
					,"index": 0
					,"type": 3
					,"value": "DefaultMaterial"
				}
			]
		}
	]
}

