{
	 "rootnode": {
		 "name": "RootNode"
		,"transformation": [
			 1
			,0
			,0
			,0
			,0
			,1
			,0
			,0
			,0
			,0
			,1
			,0
			,0
			,0
			,0
			,1
		]
		,"children": [
			{
				 "name": "Ivy.002"
				,"transformation": [
					 100
					,0
					,0
					,267.808
					,0
					,-1.62921e-005
					,100
					,0
					,0
					,-100
					,-1.62921e-005
					,313.752
					,0
					,0
					,0
					,1
				]
				,"meshes": [
					 0
				]
			}
		]
	}
	,"flags": 8
	,"meshes": [
		{
			 "name": "ivy branch.002"
			,"materialindex": 0
			,"primitivetypes": 4
			,"vertices": [
				 -0.753134
				,1.47377
				,0.219405
				,-1.29706
				,1.50984
				,0.0560671
				,-1.29801
				,0.757861
				,0.108448
				,-0.751123
				,0.712212
				,0.464796
				,-0.0351875
				,1.48849
				,0.250052
				,-0.0204619
				,0.719682
				,0.532756
				,-1.29836
				,0.00944934
				,0.0728876
				,-0.762639
				,-0.0288914
				,0.470703
				,-0.0670132
				,0.0150554
				,0.44031
				,0.647574
				,1.51784
				,0.188967
				,0.685427
				,0.734437
				,0.328501
				,1.04042
				,1.60132
				,-0.0235147
				,1.04955
				,0.84125
				,-0.0608182
				,0.697713
				,-0.00850966
				,0.240562
				,1.08006
				,0.104796
				,-0.156485
				,-1.29831
				,-0.736116
				,-0.0407294
				,-0.756992
				,-0.78716
				,0.305613
				,-0.0259292
				,-0.77009
				,0.272082
				,-1.30468
				,-1.49555
				,-0.11747
				,-0.769577
				,-1.5597
				,0.106997
				,-0.0132012
				,-1.52045
				,-0.0881397
				,0.747079
				,-0.727164
				,0.115887
				,1.19822
				,-0.584098
				,-0.191973
				,0.660011
				,-1.49239
				,-0.110651
				,1.05826
				,-1.37963
				,-0.372008
			]
			,"normals": [
				 -0.253151
				,0.25132
				,0.934202
				,-0.412671
				,0.175542
				,0.893796
				,-0.492752
				,0.0869778
				,0.86578
				,-0.277139
				,0.10831
				,0.95468
				,0.0537736
				,0.296304
				,0.953551
				,0.0906095
				,0.100558
				,0.990783
				,-0.572649
				,-0.0820643
				,0.815638
				,-0.288766
				,-0.115543
				,0.950377
				,0.124821
				,-0.14066
				,0.982147
				,0.420026
				,0.16599
				,0.892178
				,0.46144
				,0.0351268
				,0.886441
				,0.60976
				,0.0708335
				,0.789392
				,0.670583
				,0.00875881
				,0.741752
				,0.477004
				,-0.0977508
				,0.87344
				,0.693197
				,-0.0374462
				,0.719748
				,-0.524033
				,-0.151067
				,0.83816
				,-0.21952
				,-0.226783
				,0.948851
				,0.142949
				,-0.272256
				,0.951537
				,-0.475661
				,-0.149876
				,0.866756
				,-0.170232
				,-0.25956
				,0.950591
				,0.143376
				,-0.352184
				,0.924863
				,0.421766
				,-0.218696
				,0.87991
				,0.628742
				,-0.131321
				,0.766411
				,0.350536
				,-0.337382
				,0.873653
				,0.591296
				,-0.282723
				,0.755242
			]
			,"tangents": [
				 -0.9575
				,0.0728782
				,-0.279073
				,-0.904425
				,0.0376455
				,-0.42497
				,-0.863441
				,0.0745333
				,-0.498912
				,-0.957656
				,0.049518
				,-0.283626
				,-0.998499
				,0.0059578
				,0.054452
				,-0.995334
				,-0.0240022
				,0.0934614
				,-0.819782
				,0.054832
				,-0.570045
				,-0.957026
				,0.00723104
				,-0.28991
				,-0.992179
				,-0.0172327
				,0.123628
				,-0.898954
				,-0.058576
				,0.434109
				,-0.882345
				,-0.0858328
				,0.46271
				,-0.764806
				,-0.208743
				,0.609506
				,-0.725737
				,-0.199331
				,0.658463
				,-0.878385
				,-0.0870206
				,0.469966
				,-0.708215
				,-0.220731
				,0.670604
				,-0.85156
				,0.0758401
				,-0.518743
				,-0.975373
				,0.029787
				,-0.218541
				,-0.989729
				,-0.0383432
				,0.137716
				,-0.878816
				,0.123269
				,-0.460963
				,-0.985358
				,0.0540844
				,-0.161691
				,-0.989488
				,-0.0332074
				,0.140751
				,-0.905288
				,-0.155755
				,0.395214
				,-0.768686
				,-0.253799
				,0.587117
				,-0.936219
				,-0.151007
				,0.31732
				,-0.806116
				,-0.233958
				,0.543544
			]
			,"bitangents": [
				 -0.0143441
				,0.964585
				,-0.263382
				,0.0479905
				,0.984082
				,-0.171115
				,-0.0411769
				,0.991545
				,-0.123053
				,-0.0217726
				,0.992662
				,-0.118944
				,-0.0152009
				,0.955089
				,-0.295928
				,0.0119772
				,0.994707
				,-0.102053
				,-0.0190233
				,0.996039
				,0.0868545
				,0.0115955
				,0.992196
				,0.12415
				,0.000125032
				,0.989902
				,0.141755
				,-0.0420619
				,0.985634
				,-0.163576
				,-0.0329087
				,0.999206
				,-0.0224639
				,-0.0746582
				,0.996703
				,-0.031762
				,-0.0555209
				,0.997718
				,0.0384155
				,-0.0449486
				,0.989782
				,0.135319
				,-0.0692618
				,0.990566
				,0.118242
				,-0.00233071
				,0.984394
				,0.175966
				,-0.00777577
				,0.972982
				,0.230751
				,-0.04225
				,0.958865
				,0.2807
				,0.0459057
				,0.979804
				,0.194618
				,0.0137479
				,0.963965
				,0.265675
				,0.0211458
				,0.935413
				,0.352924
				,0.00398381
				,0.970913
				,0.239402
				,-0.00489867
				,0.984948
				,0.17278
				,0.146438
				,0.941129
				,0.304683
				,0.173544
				,0.959199
				,0.223203
			]
			,"numuvcomponents": [
				 2
			]
			,"texturecoords": [
				[
					 0.748909
					,-0.00179929
					,0.998908
					,-0.00179929
					,0.998909
					,0.248201
					,0.748909
					,0.248201
					,0.498909
					,-0.00179929
					,0.498909
					,0.248201
					,0.998909
					,0.498201
					,0.748909
					,0.498201
					,0.498909
					,0.498201
					,0.248909
					,-0.00179924
					,0.248909
					,0.248201
					,-0.00109142
					,-0.00179923
					,-0.00109142
					,0.248201
					,0.248909
					,0.498201
					,-0.00109142
					,0.498201
					,0.998909
					,0.748201
					,0.748909
					,0.748201
					,0.498909
					,0.748201
					,0.998909
					,0.998201
					,0.748909
					,0.998201
					,0.498909
					,0.998201
					,0.248909
					,0.748201
					,-0.00109142
					,0.748201
					,0.248909
					,0.998201
					,-0.00109142
					,0.998201
				]
			]
			,"faces": [
				[
					 0
					,1
					,2
				]
				,[
					 0
					,2
					,3
				]
				,[
					 4
					,0
					,3
				]
				,[
					 3
					,2
					,6
				]
				,[
					 4
					,3
					,5
				]
				,[
					 3
					,6
					,7
				]
				,[
					 5
					,3
					,7
				]
				,[
					 9
					,4
					,5
				]
				,[
					 5
					,7
					,8
				]
				,[
					 9
					,5
					,10
				]
				,[
					 10
					,5
					,8
				]
				,[
					 7
					,6
					,15
				]
				,[
					 7
					,15
					,16
				]
				,[
					 8
					,7
					,16
				]
				,[
					 10
					,8
					,13
				]
				,[
					 8
					,16
					,17
				]
				,[
					 13
					,8
					,17
				]
				,[
					 11
					,9
					,10
				]
				,[
					 11
					,10
					,12
				]
				,[
					 12
					,10
					,13
				]
				,[
					 12
					,13
					,14
				]
				,[
					 13
					,17
					,21
				]
				,[
					 14
					,13
					,21
				]
				,[
					 17
					,16
					,19
				]
				,[
					 17
					,19
					,20
				]
				,[
					 21
					,17
					,20
				]
				,[
					 14
					,21
					,22
				]
				,[
					 21
					,20
					,23
				]
				,[
					 22
					,21
					,23
				]
				,[
					 22
					,23
					,24
				]
				,[
					 16
					,18
					,19
				]
				,[
					 16
					,15
					,18
				]
			]
		}
	]
	,"materials": [
		{
			 "properties": [
				{
					 "key": "?mat.name"
					,"semantic": 0
					,"index": 0
					,"type": 3
					,"value": "ivy leaves"
				}
				,{
					 "key": "$clr.diffuse"
					,"semantic": 0
					,"index": 0
					,"type": 1
					,"value": [
						 0.142823
						,0.727647
						,0.500528
					]
				}
				,{
					 "key": "$clr.emissive"
					,"semantic": 0
					,"index": 0
					,"type": 1
					,"value": [
						 0
						,0
						,0
					]
				}
				,{
					 "key": "$clr.ambient"
					,"semantic": 0
					,"index": 0
					,"type": 1
					,"value": [
						 0
						,0
						,0
					]
				}
				,{
					 "key": "$clr.specular"
					,"semantic": 0
					,"index": 0
					,"type": 1
					,"value": [
						 0.293478
						,0.293478
						,0.293478
					]
				}
				,{
					 "key": "$mat.opacity"
					,"semantic": 0
					,"index": 0
					,