{
	 "rootnode": {
		 "name": "RootNode"
		,"transformation": [
			 1
			,0
			,0
			,0
			,0
			,1
			,0
			,0
			,0
			,0
			,1
			,0
			,0
			,0
			,0
			,1
		]
		,"children": [
			{
				 "name": "Plane"
				,"transformation": [
					 100
					,0
					,0
					,0
					,0
					,-1.62921e-005
					,100
					,0
					,0
					,-100
					,-1.62921e-005
					,0
					,0
					,0
					,0
					,1
				]
				,"meshes": [
					 0
				]
			}
		]
	}
	,"flags": 8
	,"meshes": [
		{
			 "name": "Plane"
			,"materialindex": 0
			,"primitivetypes": 4
			,"vertices": [
				 3.31775
				,29.02
				,0
				,1.61
				,39.02
				,0
				,1.61
				,35
				,0
				,-3.31775
				,25
				,0
				,3.31775
				,25
				,0
				,-3.31775
				,29.02
				,0
				,-3.31775
				,35
				,0
				,-3.31775
				,15
				,0
				,3.31775
				,15
				,0
				,11.61
				,29.02
				,0
				,11.61
				,39.02
				,0
				,-3.31775
				,5
				,0
				,3.31775
				,5
				,0
				,-3.31775
				,-5
				,0
				,3.31775
				,-5
				,0
				,21.61
				,29.02
				,0
				,31.61
				,29.02
				,0
				,31.61
				,39.02
				,0
				,21.61
				,39.02
				,0
			]
			,"normals": [
				 0
				,0
				,1
				,0
				,0
				,1
				,0
				,0
				,1
				,0
				,0
				,1
				,0
				,0
				,1
				,0
				,0
				,1
				,0
				,0
				,1
				,0
				,0
				,1
				,0
				,0
				,1
				,0
				,0
				,1
				,0
				,0
				,1
				,0
				,0
				,1
				,0
				,0
				,1
				,0
				,0
				,1
				,0
				,0
				,1
				,0
				,0
				,1
				,0
				,0
				,1
				,0
				,0
				,1
				,0
				,0
				,1
			]
			,"faces": [
				[
					 0
					,1
					,2
				]
				,[
					 3
					,4
					,0
				]
				,[
					 3
					,0
					,5
				]
				,[
					 5
					,0
					,2
				]
				,[
					 0
					,9
					,10
				]
				,[
					 0
					,10
					,1
				]
				,[
					 5
					,2
					,6
				]
				,[
					 9
					,18
					,10
				]
				,[
					 9
					,15
					,18
				]
				,[
					 15
					,17
					,18
				]
				,[
					 15
					,16
					,17
				]
				,[
					 7
					,4
					,3
				]
				,[
					 7
					,8
					,4
				]
				,[
					 11
					,8
					,7
				]
				,[
					 11
					,12
					,8
				]
				,[
					 13
					,12
					,11
				]
				,[
					 13
					,14
					,12
				]
			]
		}
	]
	,"materials": [
		{
			 "properties": [
				{
					 "key": "$clr.diffuse"
					,"semantic": 0
					,"index": 0
					,"type": 1
					,"value": [
						 0.8
						,0.8
						,0.8
					]
				}
				,{
					 "key": "?mat.name"
					,"semantic": 0
					,"index": 0
					,"type": 3
					,"value": "DefaultMaterial"
				}
			]
		}
	]
}

