{
	 "rootnode": {
		 "name": "RootNode"
		,"transformation": [
			 1
			,0
			,0
			,0
			,0
			,1
			,0
			,0
			,0
			,0
			,1
			,0
			,0
			,0
			,0
			,1
		]
		,"children": [
			{
				 "name": "Pebble.1"
				,"transformation": [
					 100
					,0
					,0
					,634.513
					,0
					,-1.62921e-005
					,100
					,5.96046e-006
					,0
					,-100
					,-1.62921e-005
					,891.857
					,0
					,0
					,0
					,1
				]
				,"meshes": [
					 0
				]
			}
		]
	}
	,"flags": 8
	,"meshes": [
		{
			 "name": "Cube.012"
			,"materialindex": 0
			,"primitivetypes": 4
			,"vertices": [
				 -0.18534
				,-0.0168012
				,0.0341806
				,-0.163082
				,-0.0168012
				,0.122227
				,-0.107733
				,0.0677946
				,0.0874044
				,-0.0887809
				,0.0488421
				,0.0341806
				,-0.0231376
				,0.114523
				,0.0341806
				,-0.0231376
				,0.0992014
				,0.107164
				,0.0614582
				,0.0677946
				,0.0874044
				,0.065198
				,0.0715345
				,0.0341806
				,0.120856
				,-0.0168012
				,0.0341806
				,0.076215
				,-0.0168012
				,0.0966887
				,0.0614582
				,-0.101397
				,0.0874044
				,0.0886552
				,-0.128594
				,0.0341806
				,-0.0231376
				,-0.156887
				,0.0341806
				,-0.0231376
				,-0.131716
				,0.106479
				,-0.107733
				,-0.101397
				,0.0874044
				,-0.117846
				,-0.11151
				,0.0341806
				,-0.0231376
				,-0.0168012
				,-0.0507967
				,0.0623368
				,-0.0168012
				,-0.0195961
				,0.0614582
				,-0.101397
				,-0.0190432
				,-0.0231376
				,-0.105137
				,-0.0213962
				,-0.0231376
				,-0.0168012
				,0.127468
				,-0.163082
				,-0.0168012
				,0.122227
				,-0.107733
				,-0.101397
				,0.0874044
				,-0.0231376
				,-0.131716
				,0.106479
				,0.076215
				,-0.0168012
				,0.0966887
				,0.0614582
				,-0.101397
				,0.0874044
				,0.0614582
				,0.0677946
				,0.0874044
				,-0.0231376
				,0.0992014
				,0.107164
				,-0.107733
				,0.0677946
				,0.0874044
				,-0.145182
				,-0.0168012
				,-0.0426042
				,-0.0231376
				,-0.0168012
				,-0.0507967
				,-0.0231376
				,-0.105137
				,-0.0213962
				,-0.107733
				,-0.101397
				,-0.0190432
				,-0.107733
				,0.0677946
				,-0.0190432
				,-0.0231376
				,0.0913613
				,-0.0338703
				,-0.0231376
				,-0.0168012
				,-0.0507967
				,-0.145182
				,-0.0168012
				,-0.0426042
				,0.0614582
				,0.0677946
				,-0.0190432
				,0.0623368
				,-0.0168012
				,-0.0195961
				,-0.0231376
				,-0.0168012
				,-0.0507967
				,0.0614582
				,-0.101397
				,-0.0190432
				,0.0886552
				,-0.128594
				,0.0341806
				,0.0614582
				,-0.101397
				,0.0874044
				,0.0614582
				,0.0677946
				,-0.0190432
				,0.065198
				,0.0715345
				,0.0341806
				,0.065198
				,0.0715345
				,0.0341806
				,0.120856
				,-0.0168012
				,0.0341806
				,-0.0231376
				,0.0913613
				,-0.0338703
				,-0.107733
				,0.0677946
				,-0.0190432
				,-0.0887809
				,0.0488421
				,0.0341806
				,-0.0231376
				,0.0992014
				,0.107164
				,-0.0231376
				,0.114523
				,0.0341806
				,-0.145182
				,-0.0168012
				,-0.0426042
				,-0.107733
				,0.0677946
				,-0.0190432
				,-0.107733
				,-0.101397
				,-0.0190432
				,-0.18534
				,-0.0168012
				,0.0341806
				,-0.145182
				,-0.0168012
				,-0.0426042
				,-0.117846
				,-0.11151
				,0.0341806
				,-0.107733
				,-0.101397
				,0.0874044
			]
			,"normals": [
				 -0.995758
				,0.0636921
				,-0.0663167
				,-0.737175
				,0.0504166
				,0.673788
				,-0.543443
				,0.727744
				,0.418317
				,-0.626667
				,0.778283
				,-0.0390637
				,-0.0621357
				,0.997497
				,-0.0331431
				,-0.000335704
				,0.781579
				,0.623768
				,0.587695
				,0.54677
				,0.596332
				,0.707907
				,0.704245
				,-0.0537126
				,0.996338
				,0.0697043
				,-0.0490127
				,0.635975
				,0.0424207
				,0.770501
				,0.517472
				,-0.461409
				,0.720634
				,0.707572
				,-0.700156
				,-0.0954009
				,-0.0501419
				,-0.994079
				,-0.0961943
				,0.00601215
				,-0.675832
				,0.736991
				,-0.486862
				,-0.649342
				,0.584155
				,-0.620258
				,-0.778558
				,-0.0953093
				,0.0689413
				,-0.0384533
				,-0.996857
				,0.558306
				,0.0171819
				,-0.829432
				,0.417615
				,-0.418348
				,-0.806574
				,0.0100711
				,-0.573992
				,-0.818781
				,0.0706809
				,-0.00189215
				,0.997467
				,-0.737175
				,0.0504166
				,0.673788
				,-0.486862
				,-0.649342
				,0.584155
				,0.00601215
				,-0.675832
				,0.736991
				,0.635975
				,0.0424207
				,0.770501
				,0.517472
				,-0.461409
				,0.720634
				,0.587695
				,0.54677
				,0.596332
				,-0.000335704
				,0.781579
				,0.623768
				,-0.543443
				,0.727744
				,0.418317
				,-0.671285
				,0.0409253
				,-0.740043
				,0.0689413
				,-0.0384533
				,-0.996857
				,0.0100711
				,-0.573992
				,-0.818781
				,-0.40318
				,-0.607013
				,-0.684774
				,-0.539109
				,0.684957
				,-0.490036
				,-0.00607318
				,0.737907
				,-0.674856
				,0.0689413
				,-0.0384533
				,-0.996857
				,-0.671285
				,0.0409253
				,-0.740043
				,0.562426
				,0.497513
				,-0.66039
				,0.558306
				,0.0171819
				,-0.829432
				,0.0689413
				,-0.0384533
				,-0.996857
				,0.417615
				,-0.418348
				,-0.806574
				,0.707572
				,-0.700156
				,-0.0954009
				,0.517472
				,-0.461409
				,0.720634
				,0.562426
				,0.497513
				,-0.66039
				,0.707907
				,0.704245
				,-0.0537126
				,0.707907
				,0.704245
				,-0.0537126
				,0.996338
				,0.0697043
				,-0.0490127
				,-0.00607318
				,0.737907
				,-0.674856
				,-0.539109
				,0.684957
				,-0.490036
				,-0.626667
				,0.778283
				,-0.0390637
				,-0.000335704
				,0.781579
				,0.623768
				,-0.0621357
				,0.997497
				,-0.0331431
				,-0.671285
				,0.0409253
				,-0.740043
				,-0.539109
				,0.684957
				,-0.490036
				,-0.40318
				,-0.607013
				,-0.684774
				,-0.995758
				,0.0636921
				,-0.0663167
				,-0.671285
				,0.0409253
				,-0.740043
				,-0.620258
				,-0.778558
				,-0.0953093
				,-0.486862
				,-0.649342
				,0.584155
			]
			,