{
	 "rootnode": {
		 "name": "RootNode"
		,"transformation": [
			 1
			,0
			,0
			,0
			,0
			,1
			,0
			,0
			,0
			,0
			,1
			,0
			,0
			,0
			,0
			,1
		]
		,"children": [
			{
				 "name": "Pebble.2"
				,"transformation": [
					 100
					,0
					,0
					,739.782
					,0
					,-1.62921e-005
					,100
					,3.61021
					,0
					,-100
					,-1.62921e-005
					,893.692
					,0
					,0
					,0
					,1
				]
				,"meshes": [
					 0
				]
			}
		]
	}
	,"flags": 8
	,"meshes": [
		{
			 "name": "Cube.013"
			,"materialindex": 0
			,"primitivetypes": 4
			,"vertices": [
				 -0.360597
				,0.00737932
				,0.00189082
				,-0.310452
				,-0.330757
				,0.0018908
				,-0.185762
				,-0.197023
				,0.10491
				,-0.143065
				,0.00737932
				,0.0818304
				,0.00481701
				,0.00737931
				,0.161816
				,0.00481701
				,-0.272908
				,0.143157
				,0.195396
				,-0.197023
				,0.10491
				,0.203822
				,0.00737931
				,0.109465
				,0.329208
				,0.00737932
				,0.00189082
				,0.228641
				,-0.232678
				,0.0018908
				,0.195396
				,-0.197023
				,-0.101129
				,0.256667
				,0.00737933
				,-0.134249
				,0.00481701
				,0.00737933
				,-0.168704
				,0.00481701
				,-0.270279
				,-0.138051
				,-0.185762
				,-0.197023
				,-0.101129
				,-0.208544
				,0.00737932
				,-0.113444
				,0.00481701
				,0.333728
				,0.00189083
				,0.197376
				,0.213904
				,0.00189082
				,0.195396
				,0.211781
				,-0.101129
				,0.00481701
				,0.220818
				,-0.105683
				,0.00481701
				,-0.350885
				,0.0018908
				,-0.310452
				,-0.330757
				,0.0018908
				,-0.185762
				,-0.197023
				,-0.101129
				,0.00481701
				,-0.270279
				,-0.138051
				,0.228641
				,-0.232678
				,0.0018908
				,0.195396
				,-0.197023
				,-0.101129
				,0.195396
				,-0.197023
				,0.10491
				,0.00481701
				,-0.272908
				,0.143157
				,-0.185762
				,-0.197023
				,0.10491
				,-0.310452
				,-0.330757
				,0.0018908
				,-0.270127
				,0.302265
				,0.00189083
				,0.00481701
				,0.333728
				,0.00189083
				,0.00481701
				,0.220818
				,-0.105683
				,-0.185762
				,0.211781
				,-0.101129
				,-0.185762
				,0.211781
				,0.104911
				,0.00481701
				,0.268724
				,0.13361
				,0.00481701
				,0.333728
				,0.00189083
				,-0.270127
				,0.302265
				,0.00189083
				,0.195396
				,0.211781
				,0.104911
				,0.197376
				,0.213904
				,0.00189082
				,0.195396
				,0.211781
				,-0.101129
				,0.256667
				,0.00737933
				,-0.134249
				,0.195396
				,-0.197023
				,-0.101129
				,0.195396
				,0.211781
				,0.104911
				,0.203822
				,0.00737931
				,0.109465
				,0.203822
				,0.00737931
				,0.109465
				,0.329208
				,0.00737932
				,0.00189082
				,-0.185762
				,0.211781
				,0.104911
				,-0.143065
				,0.00737932
				,0.0818304
				,0.00481701
				,-0.272908
				,0.143157
				,0.00481701
				,0.00737931
				,0.161816
				,-0.270127
				,0.302265
				,0.00189083
				,-0.185762
				,0.211781
				,0.104911
				,-0.360597
				,0.00737932
				,0.00189082
				,-0.208544
				,0.00737932
				,-0.113444
				,-0.185762
				,-0.197023
				,-0.101129
				,-0.310452
				,-0.330757
				,0.0018908
			]
			,"normals": [
				 -0.997192
				,0.0432447
				,0.0606403
				,-0.704398
				,-0.709006
				,0.0334178
				,-0.364879
				,-0.220588
				,0.904508
				,-0.399304
				,0.0146489
				,0.916684
				,-0.0440992
				,0.010773
				,0.998962
				,0.0548418
				,-0.501968
				,0.863124
				,0.526688
				,-0.386608
				,0.757042
				,0.559465
				,0.0309152
				,0.828242
				,0.994568
				,0.0407727
				,0.095706
				,0.744469
				,-0.665456
				,0.0538652
				,0.526292
				,-0.470565
				,-0.708213
				,0.640095
				,0.0528886
				,-0.766442
				,-0.0282907
				,0.0419935
				,-0.998688
				,0.0594501
				,-0.536729
				,-0.841639
				,-0.365856
				,-0.306131
				,-0.878842
				,-0.427595
				,0.0390332
				,-0.903104
				,0.116398
				,0.989807
				,-0.0820032
				,0.702078
				,0.712058
				,0.00497452
				,0.472854
				,0.563707
				,-0.677206
				,0.04532
				,0.538987
				,-0.84106
				,0.126347
				,-0.991974
				,-0.0037843
				,-0.704398
				,-0.709006
				,0.0334178
				,-0.365856
				,-0.306131
				,-0.878842
				,0.0594501
				,-0.536729
				,-0.841639
				,0.744469
				,-0.665456
				,0.0538652
				,0.526292
				,-0.470565
				,-0.708213
				,0.526688
				,-0.386608
				,0.757042
				,0.0548418
				,-0.501968
				,0.863124
				,-0.364879
				,-0.220588
				,0.904508
				,-0.704398
				,-0.709006
				,0.0334178
				,-0.664296
				,0.747429
				,-0.00448622
				,0.116398
				,0.989807
				,-0.0820032
				,0.04532
				,0.538987
				,-0.84106
				,-0.317759
				,0.388409
				,-0.864956
				,-0.378887
				,0.297159
				,0.8764
				,0.0538957
				,0.571764
				,0.818628
				,0.116398
				,0.989807
				,-0.0820032
				,-0.664296
				,0.747429
				,-0.00448622
				,0.548875
				,0.470382
				,0.69097
				,0.702078
				,0.712058
				,0.00497452
				,0.472854
				,0.563707
				,-0.677206
				,0.640095
				,0.0528886
				,-0.766442
				,0.526292
				,-0.470565
				,-0.708213
				,0.548875
				,0.470382
				,0.69097
				,0.559465
				,0.0309152
				,0.828242
				,0.559465
				,0.0309152
				,0.828242
				,0.994568
				,0.0407727
				,0.095706
				,-0.378887
				,0.297159
				,0.8764
				,-0.399304
				,0.0146489
				,0.916684
				,0.0548418
				,-0.501968
				,0.863124
				,-0.0440992
				,0.010773
				,0.998962
				,-0.664296
				,0.747429
				,-0.00448622
				,-0.378887
				,0.297159
				,0.8764
				,-0.997192
				,0.0432447
				,0.0606403
				,-0.427595
				,0.0390332
				,-0.903104
				,-0.365856
				,-0.306131
				,-0.878842
				,-0.704398
				,-0.709006
				,0.0334178
			]
			,