{
	 "rootnode": {
		 "name": "RootNode"
		,"transformation": [
			 1
			,0
			,0
			,0
			,0
			,1
			,0
			,0
			,0
			,0
			,1
			,0
			,0
			,0
			,0
			,1
		]
		,"children": [
			{
				 "name": "Pebble.3"
				,"transformation": [
					 100
					,0
					,0
					,590.037
					,0
					,-1.62921e-005
					,100
					,5.96046e-006
					,0
					,-100
					,-1.62921e-005
					,927.651
					,0
					,0
					,0
					,1
				]
				,"meshes": [
					 0
				]
			}
		]
	}
	,"flags": 8
	,"meshes": [
		{
			 "name": "Cube.020"
			,"materialindex": 0
			,"primitivetypes": 4
			,"vertices": [
				 -0.214279
				,-0.013439
				,0.037338
				,-0.187996
				,-0.238647
				,0.037338
				,-0.122641
				,-0.149576
				,0.104676
				,-0.100262
				,-0.013439
				,0.0895901
				,-0.0227511
				,-0.013439
				,0.141873
				,-0.0227511
				,-0.200118
				,0.129676
				,0.0771389
				,-0.149576
				,0.104676
				,0.0815549
				,-0.013439
				,0.107653
				,0.147275
				,-0.013439
				,0.037338
				,0.0945637
				,-0.173324
				,0.037338
				,0.0771389
				,-0.149576
				,-0.0300004
				,0.109253
				,-0.013439
				,-0.0516493
				,-0.0227511
				,-0.013439
				,-0.0741708
				,-0.0227511
				,-0.198367
				,-0.0541341
				,-0.122641
				,-0.149576
				,-0.0300004
				,-0.134582
				,-0.013439
				,-0.0380501
				,-0.0227511
				,0.203918
				,0.037338
				,0.0781764
				,0.124112
				,0.037338
				,0.0771389
				,0.122698
				,-0.0300004
				,-0.0227511
				,0.128717
				,-0.0329775
				,-0.0227511
				,-0.252053
				,0.037338
				,-0.187996
				,-0.238647
				,0.037338
				,-0.122641
				,-0.149576
				,-0.0300004
				,-0.0227511
				,-0.198367
				,-0.0541341
				,0.0945637
				,-0.173324
				,0.037338
				,-0.0227511
				,-0.198367
				,-0.0541341
				,0.0771389
				,-0.149576
				,-0.0300004
				,0.0771389
				,-0.149576
				,0.104676
				,-0.0227511
				,-0.200118
				,0.129676
				,-0.122641
				,-0.149576
				,0.104676
				,-0.187996
				,-0.238647
				,0.037338
				,-0.16686
				,0.182963
				,0.037338
				,-0.0227511
				,0.203918
				,0.037338
				,-0.0227511
				,0.128717
				,-0.0329775
				,-0.122641
				,0.122698
				,-0.0300004
				,-0.122641
				,0.122698
				,0.104676
				,-0.0227511
				,0.160623
				,0.123435
				,-0.0227511
				,0.203918
				,0.037338
				,-0.16686
				,0.182963
				,0.037338
				,0.0771389
				,0.122698
				,0.104676
				,0.0781764
				,0.124112
				,0.037338
				,0.0771389
				,0.122698
				,-0.0300004
				,0.109253
				,-0.013439
				,-0.0516493
				,0.0771389
				,-0.149576
				,-0.0300004
				,0.0771389
				,0.122698
				,0.104676
				,0.0815549
				,-0.013439
				,0.107653
				,0.0815549
				,-0.013439
				,0.107653
				,0.147275
				,-0.013439
				,0.037338
				,-0.122641
				,0.122698
				,0.104676
				,-0.100262
				,-0.013439
				,0.0895901
				,-0.0227511
				,-0.200118
				,0.129676
				,-0.0227511
				,-0.013439
				,0.141873
				,-0.16686
				,0.182963
				,0.037338
				,-0.122641
				,0.122698
				,0.104676
				,-0.214279
				,-0.013439
				,0.037338
				,-0.134582
				,-0.013439
				,-0.0380501
				,-0.122641
				,-0.149576
				,-0.0300004
			]
			,"normals": [
				 -0.997192
				,0.0344554
				,0.0664693
				,-0.717917
				,-0.695334
				,0.0328074
				,-0.439894
				,-0.196417
				,0.876278
				,-0.478774
				,0.0138554
				,0.877804
				,-0.0525224
				,0.0105594
				,0.998535
				,0.0697653
				,-0.509903
				,0.857387
				,0.598163
				,-0.349742
				,0.720969
				,0.620258
				,0.0260018
				,0.783929
				,0.995636
				,0.033723
				,0.0867336
				,0.791589
				,-0.609394
				,0.0443129
				,0.596057
				,-0.429212
				,-0.678579
				,0.668935
				,0.047029
				,-0.741813
				,-0.0344249
				,0.0415357
				,-0.998535
				,0.0741905
				,-0.539628
				,-0.838588
				,-0.440413
				,-0.281472
				,-0.852504
				,-0.49382
				,0.0368358
				,-0.86874
				,0.135563
				,0.987335
				,-0.0820643
				,0.762444
				,0.646992
				,-0.00521867
				,0.53148
				,0.531571
				,-0.659474
				,0.0564592
				,0.533067
				,-0.844142
				,0.144078
				,-0.989532
				,-0.00387585
				,-0.717917
				,-0.695334
				,0.0328074
				,-0.440413
				,-0.281472
				,-0.852504
				,0.0741905
				,-0.539628
				,-0.838588
				,0.791589
				,-0.609394
				,0.0443129
				,0.0741905
				,-0.539628
				,-0.838588
				,0.596057
				,-0.429212
				,-0.678579
				,0.598163
				,-0.349742
				,0.720969
				,0.0697653
				,-0.509903
				,0.857387
				,-0.439894
				,-0.196417
				,0.876278
				,-0.717917
				,-0.695334
				,0.0328074
				,-0.677572
				,0.735374
				,-0.00943022
				,0.135563
				,0.987335
				,-0.0820643
				,0.0564592
				,0.533067
				,-0.844142
				,-0.380932
				,0.372387
				,-0.846278
				,-0.452986
				,0.272011
				,0.848964
				,0.0674459
				,0.576739
				,0.814112
				,0.135563
				,0.987335
				,-0.0820643
				,-0.677572
				,0.735374
				,-0.00943022
				,0.616779
				,0.432447
				,0.657674
				,0.762444
				,0.646992
				,-0.00521867
				,0.53148
				,0.531571
				,-0.659474
				,0.668935
				,0.047029
				,-0.741813
				,0.596057
				,-0.429212
				,-0.678579
				,0.616779
				,0.432447
				,0.657674
				,0.620258
				,0.0260018
				,0.783929
				,0.620258
				,0.0260018
				,0.783929
				,0.995636
				,0.033723
				,0.0867336
				,-0.452986
				,0.272011
				,0.848964
				,-0.478774
				,0.0138554
				,0.877804
				,0.0697653
				,-0.509903
				,0.857387
				,-0.0525224
				,0.0105594
				,0.998535
				,-0.677572
				,0.735374
				,-0.00943022
				,-0.452986
				,0.272011
				,0.848964
				,-0.997192
				,0.0344554
				,0.0664693
				,-0.49382
				,0.0368358
				,-0.86874
				,-0.440413
				,-0.281472
				,-0.852504
			]
			,