{
	 "rootnode": {
		 "name": "RootNode"
		,"transformation": [
			 1
			,0
			,0
			,0
			,0
			,1
			,0
			,0
			,0
			,0
			,1
			,0
			,0
			,0
			,0
			,1
		]
		,"children": [
			{
				 "name": "Plant.1"
				,"transformation": [
					 100
					,0
					,0
					,1302.55
					,0
					,-1.62921e-005
					,100
					,5.96046e-006
					,0
					,-100
					,-1.62921e-005
					,1489.48
					,0
					,0
					,0
					,1
				]
				,"meshes": [
					 0
				]
			}
		]
	}
	,"flags": 8
	,"meshes": [
		{
			 "name": "leaf1.001"
			,"materialindex": 0
			,"primitivetypes": 4
			,"vertices": [
				 0.810762
				,-4.46223e-008
				,0.457055
				,1.73426
				,-7.54658e-008
				,0.686616
				,1.777
				,0.456194
				,0.569213
				,0.866012
				,0.456194
				,0.344992
				,0.866012
				,-0.456195
				,0.344992
				,1.777
				,-0.456195
				,0.569213
				,0.0343284
				,-0.456194
				,-0.064949
				,-0.0268385
				,1.08757e-008
				,0.0439971
				,0.0343284
				,0.456194
				,-0.064949
				,0.441981
				,0.632463
				,0.391719
				,0.96815
				,1.321
				,0.570153
				,0.676331
				,1.60344
				,0.401446
				,0.157114
				,0.924475
				,0.227483
				,0.809458
				,0.395291
				,0.345847
				,1.32868
				,1.07426
				,0.51981
				,0.351471
				,-0.247043
				,-0.00178671
				,-0.0192491
				,-0.0144627
				,0.0414279
				,-0.300874
				,0.282141
				,-0.120151
				,-0.0726513
				,0.691493
				,0.352987
				,-0.121114
				,1.47087
				,0.513776
				,-0.486533
				,1.49079
				,0.361752
				,-0.43899
				,0.722031
				,0.20499
				,0.317532
				,0.747067
				,0.31165
				,0.269989
				,1.51583
				,0.468412
				,0.385117
				,0.0394028
				,-0.00161004
				,-0.00456133
				,-0.0212113
				,0.0373316
				,-0.371405
				,0.0143663
				,-0.10827
				,-0.575218
				,0.0293525
				,0.374662
				,-1.23479
				,0.126333
				,0.596212
				,-1.34537
				,-0.154631
				,0.420812
				,-0.694692
				,-0.250785
				,0.203835
				,-0.538449
				,0.376026
				,0.394608
				,-1.18913
				,0.47218
				,0.611584
				,0.0524982
				,0.333054
				,0.0518119
				,0.0199305
				,-0.0138813
				,0.0292859
				,-0.103744
				,-0.293756
				,-0.13896
				,-0.325355
				,-0.640006
				,0.36449
				,-0.721021
				,-1.34258
				,0.530519
				,-0.415555
				,-1.56505
				,0.373541
				,-0.0250545
				,-0.872187
				,0.21167
				,-0.694672
				,-0.469055
				,0.321806
				,-1.08517
				,-1.16191
				,0.483677
				,-0.355847
				,0.182119
				,-0.00166251
				,0.0158639
				,0.0158191
				,0.0385481
				,0.313771
				,-0.221012
				,-0.111799
				,0.439211
				,-0.69211
				,0.275501
				,0.928781
				,-1.42674
				,0.324492
				,1.2973
				,-1.20124
				,0.243938
				,0.814437
				,-0.476972
				,0.197641
				,0.113305
				,-0.948712
				,0.130302
				,0.596164
				,-1.67298
				,0.176599
				,-0.335071
				,-0.249615
				,-0.0987087
				,-0.0123635
				,0.0119977
				,0.0446786
				,0.36606
				,0.222125
				,-0.0313693
			]
			,"normals": [
				 -0.344951
				,0
				,0.938597
				,-0.24012
				,0
				,0.970733
				,-0.231819
				,0.260598
				,0.937193
				,-0.329203
				,0.26368
				,0.906674
				,-0.329203
				,-0.26368
				,0.906674
				,-0.231819
				,-0.260598
				,0.937193
				,-0.426496
				,-0.263955
				,0.865078
				,-0.442183
				,0
				,0.896908
				,-0.426496
				,0.263955
				,0.865078
				,-0.297433
				,-0.15598
				,0.941893
				,-0.233711
				,-0.0711997
				,0.969665
				,-0.426038
				,0.0938139
				,0.899808
				,-0.487564
				,0.0168767
				,0.87289
				,-0.0820032
				,-0.312082
				,0.946501
				,-0.0252083
				,-0.2313
				,0.972533
				,-0.139927
				,-0.392346
				,0.909085
				,-0.355541
				,-0.23603
				,0.904324
				,-0.545946
				,-0.0629902
				,0.835414
				,-0.12244
				,-0.312754
				,0.941893
				,-0.129856
				,-0.206946
				,0.969665
				,-0.383282
				,-0.208319
				,0.899808
				,-0.379345
				,-0.306742
				,0.87289
				,0.142552
				,-0.289468
				,0.946501
				,0.132511
				,-0.19126
				,0.972533
				,0.151372
				,-0.388073
				,0.909085
				,-0.113865
				,-0.411298
				,0.904324
				,-0.371075
				,-0.405347
				,0.835414
				,0.354595
				,-0.352
				,0.866207
				,0.253273
				,-0.338878
				,0.906064
				,0.184088
				,-0.569689
				,0.800958
				,0.277474
				,-0.584552
				,0.762413
				,0.399792
				,-0.0937834
				,0.911771
				,0.304971
				,-0.0846583
				,0.948576
				,0.493637
				,-0.102206
				,0.863613
				,0.448317
				,-0.360668
				,0.817866
				,0.371166
				,-0.593524
				,0.714103
				,0.272835
				,0.195868
				,0.941893
				,0.221503
				,0.10303
				,0.969665
				,0.43495
				,-0.0336009
				,0.899808
				,0.485153
				,0.0511185
				,0.87289
				,0.0377819
				,0.320444
				,0.946501
				,-0.00720237
				,0.232582
				,0.972533
				,0.0839869
				,0.408002
				,0.909085
				,0.319254
				,0.283212
				,0.904324
				,0.531877
				,0.13834
				,0.835414
				,-0.156224
				,0.0918302
				,0.983428
				,-0.0961943
				,0.000885037
				,0.995361
				,0.122654
				,0.145878
				,0.981658
				,0.0693686
				,0.232215
				,0.970153
				,-0.366771
				,-0.0612201
				,0.928281
				,-0.30839
				,-0.144139
				,0.940245
				,-0.4232
				,0.0253304
				,0.905667
				,-0.212409
				,0.178564
				,0.960692
				,0.0134281
				,0.319132
				,0.9476
			]
			,"tangents": [
				 -0.938618
				,-4.40222e-008
				,-0.344957
				,-0.970743
				,-1.64909e-008
				,-0.240122
				,-0.970763
				,-0.000290687
				,-0.240041
				,-0.940747
				,-0.00886965
				,-0.338994
				,-0.940713
				,0.00847395
				,-0.339097
				,-0.970763
				,0.000290679
				,-0.240041
				,-0.896916
				,-2.66219e-005
				,-0.442201
				,-0.896922
				,-2.11208e-008
				,-0.442189
				,-0.896922
				,-2.23501e-005
				,-0.442189
				,-0.565822
				,-0.765842
				,-0.305501
				,-0.594983
				,-0.778315
				,-0.200554
				,-0.594774
				,-0.778502
				,-0.200446
				,-0.560832
				,-0.772314
				,-0.298325
				,-0.574153
				,-0.761482
				,-0.300821
				,-0.595224
				,-0.778145
				,-0.200496
				,-0.5312
				,-0.745085
				,-0.403329
				,-0.531225
				,-0.745072
				,-0.40332
				,-0.531204
				,-0.745086
				,-0.403323
				,0.0744896
				,-0.949268
				,-0.305519
				,0.0606365
				,-0.977803
				,-0.200563
				,0.0609098
				,-0.977812
				,-0.200433
				,0.0824894
				,-0.9509
				,-0.298303
				,0.0653388
				,-0.951441
				,-0.300819
				,0.0603382
				,-0.977829
				,-0.200522
				,0.0870353
				,-0.910901
				,-0.403341
				,0.0870112
				,-0.910906
				,-0.403336
				,0.0870325
				,-0.910911
				,-0.40332
				,0.90579
				,-0.1005
				,-0.411637
				,0.939172
				,-0.138443
				,-0.314307
				,0.939256
				,-0.138196
				,-0.314166
				,0.910036
				,-0.0944619
				,-0.403624
				,0.90598
				,-0.110571
				,-0.408625
				,0.939126
				,-0.138736
				,-0.314315
				,0.863256
				,-0.0627162
				,-0.500855
				,0.86325
				,-0.0627394
				,-0.500862
				,0.863267
				,-0.06273
				,-0.500834
				,0.453731
				,0.837132
				,-0.305513
				,0.480878
				,0.853545
				,-0.200541
				,0.480639
				,0.853701
				,-0.200453
				,0.447905
				,0.842851
				,-0.298302
				,0.462591
				,0.833979
				,-0.300814
				,0.481138
				,0.853402
				,-0.200528
				,0.422336
				,0.811757
				,-0.403339
				,0.422362
				,0.81175
				,-0.403326
				,0.422346
				,0.811763
				,-0.403316
				,-0.539962
				,0.825778
				,-0.162885
				,-0.553819
				,0.830867
				,-0.0542613
				,-0.554068
				,0.830704
				,-0.0542176
				,-0.548251
				,0.821368
				,-0.157399
				,-0.533882
				,0.831018
				,-0.156135
				,-0.553582
				,0.831031
				,-0.054172
				,-0.520457
				,0.811434
				,-0.265894
				,-0.52043
				,0.811452
				,-0.265891
				,-0.520447
				,0.811438
				,-0.265901
			]
			,