{
	 "rootnode": {
		 "name": "RootNode"
		,"transformation": [
			 1
			,0
			,0
			,0
			,0
			,1
			,0
			,0
			,0
			,0
			,1
			,0
			,0
			,0
			,0
			,1
		]
		,"children": [
			{
				 "name": "Railing.1"
				,"transformation": [
					 100
					,0
					,0
					,0
					,0
					,-1.62921e-05
					,100
					,0
					,0
					,-100
					,-1.62921e-05
					,481.204
					,0
					,0
					,0
					,1
				]
				,"meshes": [
					 0
				]
			}
		]
	}
	,"flags": 8
	,"meshes": [
		{
			 "name": "Plane.006"
			,"materialindex": 0
			,"primitivetypes": 4
			,"vertices": [
				 -1
				,0
				,0
				,1
				,0
				,0
				,1
				,0
				,0.598377
				,-1
				,0
				,0.598377
				,-1
				,0
				,0.598377
				,1
				,0
				,0.598377
				,1
				,-0.181591
				,0.669913
				,-1
				,-0.181591
				,0.669913
				,1
				,-0.181591
				,0.879017
				,-1
				,-0.181591
				,0.879017
				,1
				,-0.066033
				,0.939548
				,-1
				,-0.066033
				,0.939548
				,-1
				,-0.181591
				,0.879017
				,-1
				,-0.066033
				,0.939548
				,-1
				,0.402222
				,0.939548
				,-1
				,0.51778
				,0.879017
				,-1
				,0.336189
				,0
				,-1
				,0.336189
				,0.598377
				,1
				,0.336189
				,0.598377
				,1
				,0.336189
				,0
				,-1
				,0.336189
				,0.598377
				,-1
				,0.51778
				,0.669913
				,1
				,0.51778
				,0.669913
				,1
				,0.336189
				,0.598377
				,-1
				,0.51778
				,0.879017
				,1
				,0.51778
				,0.879017
				,-1
				,0.402222
				,0.939548
				,1
				,0.402222
				,0.939548
				,-1
				,-0.181591
				,0.669913
				,-1
				,0.51778
				,0.669913
				,-1
				,0.402222
				,0.939548
				,-1
				,-0.066033
				,0.939548
				,1
				,-0.066033
				,0.939548
				,1
				,0.402222
				,0.939548
				,-1
				,0
				,0.598377
				,-1
				,0.336189
				,0.598377
				,-1
				,0
				,0
				,-1
				,0.336189
				,0
				,1
				,0
				,0
				,-1
				,0
				,0
				,-1
				,0.336189
				,0
				,1
				,0.336189
				,0
				,1
				,0
				,0.598377
				,1
				,0
				,0
				,1
				,0.336189
				,0
				,1
				,0.336189
				,0.598377
				,1
				,-0.181591
				,0.669913
				,1
				,0.51778
				,0.669913
				,1
				,-0.181591
				,0.879017
				,1
				,0.51778
				,0.879017
				,1
				,-0.066033
				,0.939548
				,1
				,0.402222
				,0.939548
			]
			,"normals": [
				 -0.577349
				,-0.577349
				,-0.577349
				,0.577349
				,-0.577349
				,-0.577349
				,0.857967
				,-0.424604
				,-0.289102
				,-0.857967
				,-0.424604
				,-0.289102
				,-0.857967
				,-0.424604
				,-0.289102
				,0.857967
				,-0.424604
				,-0.289102
				,0.599689
				,-0.661458
				,-0.450362
				,-0.599689
				,-0.661458
				,-0.450362
				,0.607044
				,-0.679861
				,0.411359
				,-0.607044
				,-0.679861
				,0.411359
				,0.657063
				,-0.18009
				,0.731986
				,-0.657063
				,-0.18009
				,0.731986
				,-0.607044
				,-0.679861
				,0.411359
				,-0.657063
				,-0.18009
				,0.731986
				,-0.657063
				,0.18009
				,0.731986
				,-0.607044
				,0.679861
				,0.411359
				,-0.577349
				,0.577349
				,-0.577349
				,-0.857967
				,0.424604
				,-0.289102
				,0.857967
				,0.424604
				,-0.289102
				,0.577349
				,0.577349
				,-0.577349
				,-0.857967
				,0.424604
				,-0.289102
				,-0.599689
				,0.661458
				,-0.450362
				,0.599689
				,0.661458
				,-0.450362
				,0.857967
				,0.424604
				,-0.289102
				,-0.607044
				,0.679861
				,0.411359
				,0.607044
				,0.679861
				,0.411359
				,-0.657063
				,0.18009
				,0.731986
				,0.657063
				,0.18009
				,0.731986
				,-0.599689
				,-0.661458
				,-0.450362
				,-0.599689
				,0.661458
				,-0.450362
				,-0.657063
				,0.18009
				,0.731986
				,-0.657063
				,-0.18009
				,0.731986
				,0.657063
				,-0.18009
				,0.731986
				,0.657063
				,0.18009
				,0.731986
				,-0.857967
				,-0.424604
				,-0.289102
				,-0.857967
				,0.424604
				,-0.289102
				,-0.577349
				,-0.577349
				,-0.577349
				,-0.577349
				,0.577349
				,-0.577349
				,0.577349
				,-0.577349
				,-0.577349
				,-0.577349
				,-0.577349
				,-0.577349
				,-0.577349
				,0.577349
				,-0.577349
				,0.577349
				,0.577349
				,-0.577349
				,0.857967
				,-0.424604
				,-0.289102
				,0.577349
				,-0.577349
				,-0.577349
				,0.577349
				,0.577349
				,-0.577349
				,0.857967
				,0.424604
				,-0.289102
				,0.599689
				,-0.661458
				,-0.450362
				,0.599689
				,0.661458
				,-0.450362
				,0.607044
				,-0.679861
				,0.411359
				,0.607044
				,0.679861
				,0.411359
				,0.657063
				,-0.18009
				,0.731986
				,0.657063
				,0.18009
				,0.731986
			]
			,"tangents": [
				 0.816498
				,-0.408247
				,-0.408247
				,0.816498
				,0.408247
				,0.408247
				,0.485076
				,0.854919
				,0.183886
				,0.513723
				,-0.709178
				,-0.482861
				,0.513723
				,-0.709178
				,-0.482861
				,0.513723
				,0.709178
				,0.482861
				,0.800238
				,0.495695
				,0.337499
				,0.800238
				,-0.495695
				,-0.337499
				,0.75692
				,0.652353
				,-0.0388167
				,0.794685
				,-0.519353
				,0.314242
				,0.753844
				,0.156973
				,-0.638027
				,0.753844
				,-0.156973
				,0.638027
				,-0.562791
				,0.733364
				,0.381371
				,-0.120297
				,0.983651
				,0.134014
				,0.120297
				,0.983651
				,-0.134014
				,0.706908
				,0.698509
				,-0.111206
				,0.816498
				,0.408247
				,-0.408247
				,0.485076
				,0.854919
				,-0.183886
				,0.513723
				,-0.709179
				,0.482861
				,0.816498
				,-0.408247
				,0.408247
				,0.513723
				,0.709179
				,-0.482861
				,0.800238
				,0.495695
				,-0.337499
				,0.800238
				,-0.495695
				,0.337499
				,0.513723
				,-0.709179
				,0.482861
				,0.706908
				,0.698509
				,-0.111206
				,0.794685
				,-0.519353
				,-0.314242
				,0.753844
				,0.156973
				,0.638027
				,0.753844
				,-0.156973
				,-0.638027
				,-0.528909
				,0.749988
				,-0.397207
				,0.528909
				,0.749988
				,0.397207
				,0.753844
				,0.156973
				,0.638027
				,0.753844
				,-0.156973
				,0.638027
				,0.753844
				,0.156973
				,-0.638027
				,0.753844
				,-0.156973
				,-0.638027
				,-0.40237
				,0.905382
				,-0.135583
				,0.485076
				,0.854919
				,-0.183886
				,-0.408247
				,0.816498
				,-0.408247
				,0.408247
				,0.816498
				,0.408247
				,-0.707107
				,0
				,-0.707107
				,-0.707107
				,0
				,0.707107
				,-0.707107
				,0
				,0.707107
				,-0.707107
				,0
				,-0.707107
				,0.485076
				,0.854919
				,0.183886
				,0.408247
				,0.816498
				,-0.408247
				,-0.408247
				,0.816498
				,0.408247
				,-0.40237
				,0.905382
				,0.135583
				,0.528909
				,0.749988
				,-0.397207
				,-0.528909
				,0.749988
				,0.397207
				,0.75692
				,0.652353
				,-0.0388167
				,-0.562791
				,0.733364
				,-0.381371
				,0.120297
				,0.983651
				,0.134014
				,-0.120297
				,0.983651
				,-0.134014
			]
			,