{
	 "rootnode": {
		 "name": "RootNode"
		,"transformation": [
			 1
			,0
			,0
			,0
			,0
			,1
			,0
			,0
			,0
			,0
			,1
			,0
			,0
			,0
			,0
			,1
		]
		,"children": [
			{
				 "name": "Step.1"
				,"transformation": [
					 100
					,0
					,0
					,0
					,0
					,-1.62921e-05
					,100
					,0
					,0
					,-100
					,-1.62921e-05
					,780.753
					,0
					,0
					,0
					,1
				]
				,"meshes": [
					 0
				]
			}
		]
	}
	,"flags": 8
	,"meshes": [
		{
			 "name": "Plane.005"
			,"materialindex": 0
			,"primitivetypes": 4
			,"vertices": [
				 -0.398302
				,-1.11621
				,0.247675
				,0
				,-1.67414
				,0.247675
				,0.404193
				,-1.67414
				,0.247675
				,0.404193
				,-1.11621
				,0.247675
				,0
				,1.67414
				,0.247675
				,-0.398302
				,1.11621
				,0.247675
				,0.404193
				,1.11621
				,0.247675
				,0.404193
				,1.67414
				,0.247675
				,-0.293541
				,1.11621
				,0.171389
				,0.104761
				,1.67414
				,0.171389
				,0.104761
				,1.67414
				,3.12924e-07
				,-0.293541
				,1.11621
				,3.12924e-07
				,0.104761
				,-1.67414
				,0.171389
				,-0.293541
				,-1.11621
				,0.171389
				,-0.293541
				,-1.11621
				,3.12924e-07
				,0.104761
				,-1.67414
				,3.12924e-07
				,-0.398302
				,-1.11621
				,0.157457
				,0.404193
				,-1.11621
				,0.157457
				,0.404193
				,-1.67414
				,0.157457
				,0
				,-1.67414
				,0.157457
				,0
				,1.67414
				,0.157457
				,0.404193
				,1.67414
				,0.157457
				,0.404193
				,1.11621
				,0.157457
				,-0.398302
				,1.11621
				,0.157457
				,0.404193
				,1.11621
				,0.247675
				,0.404193
				,1.11621
				,0.157457
				,0.404193
				,1.67414
				,0.157457
				,0.404193
				,1.67414
				,0.247675
				,0
				,1.67414
				,0.247675
				,0
				,1.67414
				,0.157457
				,-0.398302
				,1.11621
				,0.157457
				,-0.398302
				,1.11621
				,0.247675
				,-0.398302
				,-1.11621
				,0.157457
				,-0.398302
				,-1.11621
				,0.247675
				,0.404193
				,-1.67414
				,0.247675
				,0.404193
				,-1.67414
				,0.157457
				,0.404193
				,-1.11621
				,0.157457
				,0.404193
				,-1.11621
				,0.247675
				,0.404193
				,1.67414
				,0.247675
				,0.404193
				,1.67414
				,0.157457
				,0
				,1.67414
				,0.157457
				,0
				,1.67414
				,0.247675
				,0
				,-1.67414
				,0.247675
				,0
				,-1.67414
				,0.157457
				,0.404193
				,-1.67414
				,0.157457
				,0.404193
				,-1.67414
				,0.247675
				,0
				,-1.67414
				,0.157457
				,0
				,-1.67414
				,0.247675
			]
			,"normals": [
				 -0.728172
				,-0.233253
				,0.644429
				,-0.360118
				,-0.699576
				,0.617115
				,0.577349
				,-0.577349
				,0.577349
				,0.707083
				,0
				,0.707083
				,-0.360118
				,0.699576
				,0.617115
				,-0.728172
				,0.233253
				,0.644429
				,0.707083
				,0
				,0.707083
				,0.577349
				,0.577349
				,0.577349
				,-0.95233
				,0.305032
				,0
				,-0.813868
				,0.581011
				,0
				,-0.813868
				,0.581011
				,0
				,-0.95233
				,0.305032
				,0
				,-0.813868
				,-0.581011
				,0
				,-0.95233
				,-0.305032
				,0
				,-0.95233
				,-0.305032
				,0
				,-0.813868
				,-0.581011
				,0
				,-0.728172
				,-0.233253
				,-0.644429
				,0.707083
				,0
				,-0.707083
				,0.577349
				,-0.577349
				,-0.577349
				,-0.360118
				,-0.699576
				,-0.617115
				,-0.360118
				,0.699576
				,-0.617115
				,0.577349
				,0.577349
				,-0.577349
				,0.707083
				,0
				,-0.707083
				,-0.728172
				,0.233253
				,-0.644429
				,0.707083
				,0
				,0.707083
				,0.707083
				,0
				,-0.707083
				,0.577349
				,0.577349
				,-0.577349
				,0.577349
				,0.577349
				,0.577349
				,-0.360118
				,0.699576
				,0.617115
				,-0.360118
				,0.699576
				,-0.617115
				,-0.728172
				,0.233253
				,-0.644429
				,-0.728172
				,0.233253
				,0.644429
				,-0.728172
				,-0.233253
				,-0.644429
				,-0.728172
				,-0.233253
				,0.644429
				,0.577349
				,-0.577349
				,0.577349
				,0.577349
				,-0.577349
				,-0.577349
				,0.707083
				,0
				,-0.707083
				,0.707083
				,0
				,0.707083
				,0.577349
				,0.577349
				,0.577349
				,0.577349
				,0.577349
				,-0.577349
				,-0.360118
				,0.699576
				,-0.617115
				,-0.360118
				,0.699576
				,0.617115
				,-0.360118
				,-0.699576
				,0.617115
				,-0.360118
				,-0.699576
				,-0.617115
				,0.577349
				,-0.577349
				,-0.577349
				,0.577349
				,-0.577349
				,0.577349
				,-0.360118
				,-0.699576
				,-0.617115
				,-0.360118
				,-0.699576
				,0.617115
			]
			,"tangents": [
				 -0.67385
				,0.0718861
				,-0.735363
				,-0.932912
				,0.27005
				,-0.238219
				,-0.816498
				,-0.408247
				,0.408247
				,-0.707154
				,-6.84563e-08
				,0.70706
				,-0.932912
				,-0.27005
				,-0.238219
				,-0.67385
				,-0.0718863
				,-0.735363
				,-0.707154
				,-2.28188e-08
				,0.70706
				,-0.816498
				,0.408247
				,0.408247
				,7.68411e-09
				,2.39478e-08
				,1
				,0
				,0
				,1
				,1.73486e-07
				,2.42952e-07
				,1
				,-7.06396e-08
				,-2.2059e-07
				,1
				,0
				,0
				,1
				,1.97521e-07
				,-6.16716e-07
				,1
				,7.83238e-08
				,-2.44538e-07
				,1
				,0
				,0
				,1
				,-0.685422
				,0.247821
				,0.684676
				,-0.707116
				,-5.52292e-08
				,-0.707097
				,-0.816498
				,-0.408247
				,-0.408247
				,-0.932912
				,0.27005
				,0.238219
				,-0.932912
				,-0.27005
				,0.238219
				,-0.816498
				,0.408247
				,-0.408247
				,-0.707116
				,-4.521e-08
				,-0.707097
				,-0.685422
				,-0.247821
				,0.684676
				,0.70706
				,0
				,-0.707154
				,-0.707116
				,-4.521e-08
				,-0.707097
				,-0.408247
				,-0.408247
				,-0.816498
				,0.408247
				,0.408247
				,-0.816498
				,-0.282434
				,0.548664
				,-0.786892
				,0.282434
				,-0.548664
				,-0.786892
				,0.61369
				,-0.196581
				,-0.764683
				,-0.67385
				,-0.0718863
				,-0.735363
				,0.61369
				,0.196581
				,-0.764683
				,-0.67385
				,0.0718861
				,-0.735363
				,0.408247
				,-0.408247
				,-0.816498
				,-0.408247
				,0.408247
				,-0.816498
				,-0.707116
				,-5.52292e-08
				,-0.707097
				,0.70706
				,0
				,-0.707154
				,0.408246
				,0.408247
				,-0.816498
				,-0.408247
				,-0.408246
				,-0.816498
				,0.282434
				,-0.548664
				,-0.786892
				,-0.282434
				,0.548664
				,-0.786892
				,0.282433
				,0.548664
				,0.786892
				,-0.282434
				,-0.548664
				,0.786892
				,0.408246
				,-0.408247
				,0.816498
				,-0.408247
				,0.408246
				,0.816498
				,0.282434
				,0.548664
				,-0.786892
				,-0.282434
				,-0.548664
				,-0.786892
			]
			,