{
	 "rootnode": {
		 "name": "RootNode"
		,"transformation": [
			 1
			,0
			,0
			,0
			,0
			,1
			,0
			,0
			,0
			,0
			,1
			,0
			,0
			,0
			,0
			,1
		]
		,"children": [
			{
				 "name": "FloorTop"
				,"transformation": [
					 1
					,0
					,0
					,-67.9195
					,0
					,-1.62921e-007
					,1
					,45.3889
					,0
					,-1
					,-1.62921e-007
					,-1.15649
					,0
					,0
					,0
					,1
				]
				,"meshes": [
					 0
				]
			}
		]
	}
	,"flags": 8
	,"meshes": [
		{
			 "name": "Plane"
			,"materialindex": 0
			,"primitivetypes": 4
			,"vertices": [
				 -53.5955
				,-58.9798
				,-36.5299
				,-16.0467
				,-8.85378
				,-36.5299
				,15.9165
				,-8.85378
				,-36.5299
				,15.9165
				,6.90056
				,-36.5299
				,53.1289
				,57.5801
				,-36.5299
				,53.1289
				,-58.9798
				,-36.5299
				,-53.5955
				,-58.9798
				,-36.29
				,53.1289
				,-58.9798
				,-36.29
				,53.1289
				,57.5801
				,-36.29
				,15.9165
				,6.90056
				,-36.29
				,15.9165
				,-8.85378
				,-36.29
				,-16.0467
				,-8.85378
				,-36.29
				,53.1289
				,-58.9798
				,-36.5299
				,53.1289
				,57.5801
				,-36.5299
				,53.1289
				,57.5801
				,-36.29
				,53.1289
				,-58.9798
				,-36.29
				,-53.5955
				,57.5801
				,-36.5299
				,-53.5955
				,-58.9798
				,-36.5299
				,-53.5955
				,-58.9798
				,-36.29
				,-53.5955
				,57.5801
				,-36.29
				,53.1289
				,57.5801
				,-36.5299
				,-53.5955
				,57.5801
				,-36.5299
				,-53.5955
				,57.5801
				,-36.29
				,53.1289
				,57.5801
				,-36.29
				,-53.5955
				,-58.9798
				,-36.5299
				,53.1289
				,-58.9798
				,-36.5299
				,53.1289
				,-58.9798
				,-36.29
				,-53.5955
				,-58.9798
				,-36.29
				,15.9165
				,-8.85378
				,-36.5299
				,15.9165
				,-8.85378
				,-36.29
				,15.9165
				,6.90056
				,-36.29
				,15.9165
				,6.90056
				,-36.5299
				,15.9165
				,6.90056
				,-36.5299
				,15.9165
				,6.90056
				,-36.29
				,-16.0467
				,6.90056
				,-36.29
				,-16.0467
				,6.90056
				,-36.5299
				,-16.0467
				,6.90056
				,-36.5299
				,-16.0467
				,6.90056
				,-36.29
				,-16.0467
				,-8.85378
				,-36.29
				,-16.0467
				,-8.85378
				,-36.5299
				,-16.0467
				,6.90056
				,-36.29
				,-53.5955
				,57.5801
				,-36.29
				,-16.0467
				,6.90056
				,-36.5299
				,-53.5955
				,57.5801
				,-36.5299
				,-16.0467
				,-8.85378
				,-36.5299
				,-16.0467
				,-8.85378
				,-36.29
				,15.9165
				,-8.85378
				,-36.29
				,15.9165
				,-8.85378
				,-36.5299
			]
			,"normals": [
				 8.22327e-008
				,0
				,-1
				,8.22327e-008
				,0
				,-1
				,8.22327e-008
				,0
				,-1
				,8.22327e-008
				,0
				,-1
				,8.22327e-008
				,0
				,-1
				,8.22327e-008
				,0
				,-1
				,8.22327e-008
				,-4.45495e-008
				,1
				,8.22327e-008
				,-4.45495e-008
				,1
				,8.22327e-008
				,-4.45495e-008
				,1
				,8.22327e-008
				,-4.45495e-008
				,1
				,8.22327e-008
				,-4.45495e-008
				,1
				,8.22327e-008
				,-4.45495e-008
				,1
				,1
				,0
				,0
				,1
				,0
				,0
				,1
				,0
				,0
				,1
				,0
				,0
				,-1
				,0
				,0
				,-1
				,0
				,0
				,-1
				,0
				,0
				,-1
				,0
				,0
				,0
				,1
				,0
				,0
				,1
				,0
				,0
				,1
				,0
				,0
				,1
				,0
				,0
				,-1
				,0
				,0
				,-1
				,0
				,0
				,-1
				,0
				,0
				,-1
				,0
				,-1
				,0
				,0
				,-1
				,0
				,0
				,-1
				,0
				,0
				,-1
				,0
				,0
				,0
				,-1
				,-2.73532e-007
				,0
				,-1
				,-2.73532e-007
				,0
				,-1
				,-2.73532e-007
				,0
				,-1
				,-2.73532e-007
				,1
				,0
				,-7.95224e-006
				,1
				,0
				,-7.95224e-006
				,1
				,0
				,-7.95224e-006
				,1
				,0
				,-7.95224e-006
				,-8.14015e-008
				,4.40991e-008
				,1
				,-8.14015e-008
				,4.40991e-008
				,1
				,-8.14015e-008
				,0
				,-1
				,-8.14015e-008
				,0
				,-1
				,0
				,1
				,3.98066e-006
				,0
				,1
				,3.98066e-006
				,0
				,1
				,3.98066e-006
				,0
				,1
				,3.98066e-006
			]
			,"tangents": [
				 1
				,1.09053e-007
				,2.7688e-008
				,1
				,1.09053e-007
				,2.7688e-008
				,1
				,-1.2212e-006
				,8.22327e-008
				,1
				,0
				,2.7688e-008
				,1
				,0
				,2.7688e-008
				,1
				,0
				,8.22327e-008
				,1
				,2.14547e-015
				,-2.7688e-008
				,1
				,3.66342e-015
				,-8.22327e-008
				,1
				,5.94312e-016
				,-2.7688e-008
				,1
				,-8.14134e-007
				,-2.7688e-008
				,1
				,3.66342e-015
				,-8.22327e-008
				,1
				,4.0342e-007
				,-2.7688e-008
				,0
				,0
				,1
				,0
				,0
				,1
				,0
				,0
				,1
				,0
				,0
				,1
				,0
				,0
				,-1
				,0
				,0
				,-1
				,0
				,0
				,-1
				,0
				,0
				,-1
				,"NaN"
				,"NaN"
				,"NaN"
				,"NaN"
				,"NaN"
				,"NaN"
				,"NaN"
				,"NaN"
				,"NaN"
				,"NaN"
				,"NaN"
				,"NaN"
				,"NaN"
				,"NaN"
				,"NaN"
				,"NaN"
				,"NaN"
				,"NaN"
				,"NaN"
				,"NaN"
				,"NaN"
				,"NaN"
				,"NaN"
				,"NaN"
				,0
				,0
				,-1
				,0
				,0
				,-1
				,0
				,0
				,-1
				,0
				,0
				,-1
				,"NaN"
				,"NaN"
				,"NaN"
				,"NaN"
				,"NaN"
				,"NaN"
				,"NaN"
				,"NaN"
				,"NaN"
				,"NaN"
				,"NaN"
				,"NaN"
				,7.95224e-006
				,0
				,1
				,7.95224e-006
				,0
				,1
				,7.95224e-006
				,0
				,1
				,7.95224e-006
				,0
				,1
				,1
				,-8.90426e-016
				,8.14015e-008
				,1
				,-8.90426e-016
				,8.14015e-008
				,1
				,-1.21026e-006
				,-8.14015e-008
				,1
				,3.2716e-007
				,-8.14015e-008
				,"NaN"
				,"NaN"
				,"NaN"
				,"NaN"
				,"NaN"
				,"NaN"
				,"NaN"
				,"NaN"
				,"NaN"
				,"NaN"
				,"NaN"
				,"NaN"
			]
			,"bitangents": [
				 -1.78438e-007
				,-1
				,-1.46734e-014
				,4.46851e-007
				,-1
				,3.67458e-014
				,0
				,-1
				,0
				,2.94647e-007
				,-1
				,-2.39847e-014
				,-8.82447e-008
				,-1
				,7.18325e-015
				,0
				,-1
				,0
				,-2.23048e-007
				,-1
				,-1.49999e-008
				,6.70276e-007
				,-1
				,-4.45495e-008
				,1.10306e-007
				,-1
				,-1.49999e-008
				,-1.10493e-007
				,-1
				,-1.49999e-008
				,6.70276e-007
				,-1
				,-4.45495e-008
				,4.46851e-007
				,-1
				,-1.5e-008
				,"NaN"
				,"NaN"
				,"NaN"
				,"NaN"
				,"NaN"
				,"NaN"
				,"NaN"
				,"NaN"
				,"NaN"
				,"NaN"
				,"NaN"
				,"NaN"
				,"NaN"
				,"NaN"
				,"NaN"
				,"NaN"
				,"NaN"
				,"NaN"
				,"NaN"
				,"NaN"
				,"NaN"
				,"NaN"
				,"NaN"
				,"NaN"
				,0
				,0
				,-1
				,0
				,0
				,-1
				,0
				,0
				,-1
				,0
				,0
				,-1
				,0
				,0
				,1
				,0
				,0
				,1
				,0
				,0
				,1
				,0
				,0
				,1
				,"NaN"
				,"NaN"
				,"NaN"
				,"NaN"
				,"NaN"
				,"NaN"
				,"NaN"
				,"NaN"
				,"NaN"
				,"NaN"
				,"NaN"
				,"NaN"
				,1.16732e-005
				,-2.73532e-007
				,1
				,0
				,-2.73532e-007
				,1
				,1.16732e-005
				,-2.73532e-007
				,1
				,1.16732e-005
				,-2.73532e-007
				,1
				,"NaN"
				,"NaN"
				,"NaN"
				,"NaN"
				,"NaN"
				,"NaN"
				,"NaN"
				,"NaN"
				,"NaN"
				,"NaN"
				,"NaN"
				,"NaN"
				,-3.58973e-015
				,-1
				,4.40991e-008
				,-3.58973e-015
				,-1
				,4.40991e-008
				,0
				,-1
				,0
				,0
				,-1
				,0
				,0
				,3.98066e-006
				,-1
				,-7.95216e-006
				,3.98066e-006
				,-1
				,0
				,3.98066e-006
				,-1
				,0
				,3.98066e-006
				,-1
			]
			,"numuvcomponents": [
				 2
			]
			,